Word,Abbreviation,Alt Abbreviation,Prime,Modifier -1,Modifier -2,Class,Definition,Create Date
Ab Test,ABTEST,ABTEST,,X,X,,Testing strategy,
Abandon,ABNDN,,,X,X,,Abandoned,
Abandoned,ABDN,,,,,,,
Abbreviate,ABBR,,,X,X,,,
Abbreviated,ABBR,,,X,X,,,
Abbreviation,ABBR,ABBR,,X,X, ,Shortened form of a word; constructed in a manner that the original word is recognizable.,
Abend,ABND,,,,,,,
Abnormal,ABNRM,,,,,,,
abort,ABORT,,,,,,,
aborted,ABORT,,,,,,,
Above,ABV,ABV,,X,X,,,
Above The Fold,ATF,ATF,,X,X,,The visible section of a web page without scrolling,
Abrasive,ABRSV,,,,,,,
Abroad,ABRD,,,,,,,
Absence,ABSC,,,,,,,
Absolute,ABSLT,,,,,,,
Absorbed,ABSRB,,,,,,,
Abstract,ABSTR,,,,,,,
Academic,ACDMC,,,,,,,
Academy,ACDMY,,,,,,,
Accept,ACCPT,ACCPT,,X,X,,The action verb,
Acceptable,ACCPT,ACCPT,,X,X,,The adjective form or accept.,
Acceptance,ACCPT,ACCPT,,X,X,,Acceptance as an action.,
Accepted,ACCPT,ACCPT,,X,X,,Action verb derivative,
Access,ACES,,,,,,,
Accessories,ACC,ACC,,X,X,,,
Accessory,ACSRY,,,,,,,
Accident,ACDNT,,,,,,,
Accomplish,ACMPL,,,,,,,
Accomplishment,ACMPL,,,,,,,
Account,ACCT,,X,X,,,Customer account,
Accountant,ACCNT,,,,,,,
Accounting,ACCTG,,,,,,,
Accounts,ACCTS,,,,,,,
Accredited,ACRD,,,,,,,
Accredition,ACRDN,,,,,,,
Accrual,ACCR,,,,,,,
Accrued,ACCR,,,,,,,
Accumulate,ACCUM,,,,,,,
Accumulated,ACCUM,,,,,,,
Accumulation,ACCUM,,,,,,,
Accumulator,ACCUM,,,,,,,
Accuracy,ACRCY,,,,,,,
Accurate,ACCRT,,,,,,,
Achievement,ACHVT,,,,,,,
Acknowledge,ACK,ACK,,X,X,,The event where an entity admits receipt (of something).,
Acknowledged,ACK,ACK,,X,X,,Derivative of the verb acknowledge.,
Acknowledgement,ACK,ACK,,X,X,,,
Acoustic,ACSTC,,,,,,,
Acquire,ACQ,,,,,,,
Acquired,ACQ,,,,,,,
Acquisition,ACQ,,,,,,,
Acre,ACRE,,,,,,,
Acreage,ACRE,,,,,,,
Across,ACROS,,,,,,,
Acting,ACTG,,,,,,,
Action,ACTN,ACTN,,X,,,Action for inventory etc.,
Active,ACTV,ACTV,,X,X,,,
Activate,ACTV,ACTV,,X,X,,,
Activation,ACTV,ACTV,,X,X,,e.g.  Phone Activation Fee,
Activities,ACTV,,,,,,,
Activity,ACTV,ACTV,,X,X,,Derivative of the verb.,
Actor,ACTR,,,,,,,
Actual,ACTL,ACTL,,X,,,,
Actuarial,ACTRL,,,,,,,
Actuary,ACTRY,,,,,,,
Add,ADD,,,,,,,
Add To Cart,A2C,A2C,,X,X,,the action of  adding items to a shopping cart,
Added,ADD,,,,,,,
Addendum,ADNDM,,,,,,,
Addition,ADDTN,,,,,,,
Additional,ADDL,ADDL,,X,X,,"Additional, something in addition to existing.",
Additive,ADDTV,,,,,,,
Address,ADDR,ADDR,,X,X,,Designation of a place where something is located or something is to be delivered.,
Addressable,ADDR,,,,,,,
Adhesive,ADHSV,,,,,,,
Adjust,ADJ,,,,,,,
Adjusted,ADJ,,,,,,,
Adjuster,ADJR,,,,,,,
Adjustment,ADJ,,,X,X,,"Adjustments to a measure.  For example, adjustment to on-hand quantity",
Adjustor,ADJR,,,,,,,
Adjutant,ADJUT,,,,,,,
Administration,ADMIN,ADMIN,,X,X,,,
Administrative,ADMN,,,,,,,
Administrator,ADMR,,,,,,,
Adoption,ADPTN,,,,,,,
Adult,ADLT,ADLT,,X,X,,,
Advalorem,ADVAL,,,,,,,
Advance,ADV,ADV,,X,,,,
Advanced,ADVD,,,,,,,
Advancement,ADVMT,,,,,,,
Advanceshipmentnotice,ASN,ASN,,X,,,,
Advantage,ADVTG,,,,,,,
Adventure,ADVTR,,,,,,,
Advertise,AD,,,,,,,
Advertisement,AD,,,,,,,
Advertising,AD,,,,,,,
Adviser,ADVSR,,,,,,,
Advisory,ADVRY,,,,,,,
Aerospace,ARSPC,,,,,,,
Affair,AFFR,,,,,,,
Affected,AFFEC,,,,,,,
Affidavit,AFFDVT,AFFDVT,,X,X,,A legal document,
Affiliate,AFFLT,,,,,,,
Affiliated,AFFLT,,,,,,,
African,AFRCN,,,,,,,
After,AFT,AFT,,X,X,,After,
After Call Work,ACW,,,X,,,?,
Age,AGE,AGE,,X,X,,The chronological measure of an object's useful existence.,
Aged,AGE,,,,,,,
Agency,AGCY,,,,,,,
Agent,AGNT,,,X,,,,
Aggregate,AGGR,,,,,,,
Aggregated,AGGR,,,,,,,
Aging,AGING,,,,,,,
Agree,AGREE,,,,,,,
Agreement,AGMNT,AGMNT,,X,,,,
Agricultural,AG,,,,,,,
Agriculture,AG,,,,,,,
Aided,AID,,,,,,,
Aircraft,ARCFT,,,,,,,
Airline,ARLN,,,,,,,
Airman,ARMN,,,,,,,
Airport,ARPRT,,,,,,,
Airway,ARWY,,,,,,,
Aisle,AISLE,AISLE,,X,X,,An aisle in a Walmart Store.,
Alabama,AL,,,,,,,
Alarm,ALRM,,,,,,,
Alaska,AK,,,,,,,
Alcoholic,ALCHC,,,,,,,
Alcoholism,ALCHM,,,,,,,
Alderman,ALDM,,,,,,,
Algorithm,ALG,,,,,,,
Alias,ALIAS,,,,,,,
Align,ALGN,,,,,,,
Aligner,ALGNR,,,,,,,
Aligning,ALGNG,,,,,,,
Alignment,ALGN,,,,,,,
Alkaline,ALK,,,,,,,
Allergist,ALRGT,,,,,,,
Allergy,ALRGY,,,,,,,
Alliance,ALNCE,,,,,,,
Allied,ALLD,,,,,,,
Allocate,ALLOC,,,X,,,,
Allocated,ALLOC,,,,,,,
Allocation,ALLOC,,,,,,,
Allow,ALLOW,,,,,,,
Allowable,ALLOW,,,,,,,
Allowance,ALLOW,,,,,,,
Allowances,ALLOW,,,,,,,
Allowed,ALLOW,,,,,,,
Alloy,ALLOY,,,,,,,
Alphabetic,ALPHA,,,,,,,
Alphanumeric,ALPNM,,,,,,,
Alter,ALTR,,,,,,,
Alteration,ALTRN,,,,,,,
Alternate,ALT,ALT,,X,,,,
Alternative,ALTRV,,,,,,,
Alternator,ALTNR,,,,,,,
Alters,ALTRS,,,,,,,
Altitude,ALTTD,,,,,,,
Aluminum,ALUMN,,,,,,,
Amateur,AMTR,,,,,,,
Amazon,AMZN,AMZN,X,X,X,,Stock symbol for Amazon the online commerce firm.,
Amazon Standard Identification Number,ASIN,,,X,X,,,
Ambassador,AMB,,,,,,,
Ambiance,AMBNC,,,,,,,
Ambient,AMBNT,, ,X,X,,,
Ambulance,AMBL,,,,,,,
Amend,AMEND,,,,,,,
Amended,AMEND,,,,,,,
Amendment,AMEND,,,,,,,
America,AMER,,,,,,,
American,AMERN,,,,,,,
Ammonia,AMMN,,,,,,,
Ammunition,AMMO,,,,,,,
Amortization,AMORT,,,,,,,
Amortize,AMORT,,,,,,,
Amount,AMT,AMT,,,,X,Numerical unit representing a sum or total of money.,
Amounts,AMTS,,,,,,,
Amphibious,AMPHB,,,,,,,
Amusement,AMUSE,,,,,,,
Analog,ANLG,,,,,,,
Analysis,ANLYS,,,,,,,
Analyst,ANLYT,,,,,,,
Analytic,ANLYC,,,,,,,
Analytical,ANLYL,,,,,,,
Anchor,ANCHR,,,,,,,
Ancient,ANCNT,,,,,,,
And,AND,,,,,,,
Anesthesia,ANSTH,,,,,,,
Angle,ANGL,,,,,,,
Angler,ANGLR,,,,,,,
Anglican,ANGLN,,,,,,,
Animal,ANML,,,,,,,
Animated,ANMTD,,,,,,,
Annex,ANX,,,,,,,
Anniversary,ANVRY,,,,,,,
Annual,ANL,,,,,,,
Annually,ANLY,,,,,,,
Annuity,ANUIT,,,,,,,
Anodizing,ANDZG,,,,,,,
Anonymous,ANON,,,,,,,
Answer,ANS,ANS,,X,X,,The response to a question or query,
Answering,ANSWR,,,,,,,
Anticipation,ANTIC,,,,,,,
Antifreeze,ANTFZ,,,,,,,
Antique,ANTQ,,,,,,,
Apartment,APT,,,,,,,
Apparel,APPRL,,,,,,,
Apple,APPLE,,,,,,,
Appliance,APLNC,,,,,,,
Applicable,APPL,,,,,,,
Application,APPLN,APPLN,,X,X,,An application as in software or as part of a process.,
Applicator,APPLR,,,,,,,
Applied,APPLD,,,,,,,
Applique,APPLQ,,,,,,,
Apply,APPLY,,,,,,,
Appointed,APPTD,,,,,,,
Appointment,APPT,,,X,,,,
Appraisal,APRSL,,,,,,,
Appraiser,APRSR,,,,,,,
Appraisor,APRSR,,,,,,,
Approacher,APRCH,,,,,,,
Appropriate,APPRO,,,,,,,
Approval,APPV,,,,,,,
Approved,APPV,,,,,,,
Approver,APPVR,,,,,,,
April,APR,,,,,,,
Arabian,ARBN,,,,,,,
Arcade,ARC,,,,,,,
Archbishop,ABP,,,,,,,
Archery,ARHRY,,,,,,,
Architect,ARCHT,,,,,,,
Architectural,ARCHL,,,,,,,
Architecture,ARCH,,,,,,,
Archive,ARCHV,,,,,,,
Area,AREA,,,,,,,
Arena,ARN,,,,,,,
Argument,ARGU,,,,,,,
Aristocrat,ARSTO,,,,,,,
Arizona,AZ,,,,,,,
Arkansas,AR,,,,,,,
Armature,ARMTR,,,,,,,
Armed,ARMD,,,,,,,
Armored,ARMRD,,,,,,,
Armory,ARMRY,,,,,,,
Array,ARRAY,,,,,,,
Arrears,ARERS,,,,,,,
Arrival,ARVL,ARR,,X,,,,
Arrow,ARW,,,,,,,
Arsenal,ARSNL,,,,,,,
Art,ART,,,,,,,
Artery,ARTRY,,,,,,,
Artificial,ARTFL,,,,,,,
Artisan,ARTSN,,,,,,,
Artist,ART,,,,,,,
Artistic,ARTTC,,,,,,,
Artistry,ARTTY,,,,,,,
Asbestos,ASB,,,,,,,
Aside,ASIDE,,,,,,,
Asphalt,ASPLT,,,,,,,
Assemble,ASBL,,,,,,,
Assembled,ASSEM,ASSEM,,X,X,,,
Assembler,ASBLR,,,,,,,
Assemblies,ASBLS,,,,,,,
Assembly,ASBLY,,,,,,,
Asset,ASSET,,,,,,,
Assign,ASSGN,,,,,,,
Assigned,ASSGN,,,,,,,
Assignee,ASSGN,,,,,,,
Assignment,ASSGNMNT,,,X,,,,
Assist,ASST,,,,,,,
Assistance,ASST,,,,,,,
Assistant,ASST,,,,,,,
Assistant Store Manager,ASM,ASM,,X,X,,,
Associate,ASSOC,,,X,,,A verb or entity.,
Associated,ASSOC,,,X,,,Association between entities,
Association,ASSOC,ASSOC,,X,,,A relationship between two entites or an entity by itself.,
Assortment,ASORT,,,,,,,
Assume,ASSUM,,,,,,,
Assumption,ASMPN,,,,,,,
Assurance,ASURC,,,,,,,
Assure,ASUR,,,,,,,
Asterisk,ASTK,,,,,,,
Athletic,ATHL,,,,,,,
Atlantic,ATL,,,,,,,
Atlas,ATLS,,,,,,,
Atmoshere,ATMOS,,,,,,,
Atmospheric,ATMOS,,,,,,,
Atomic,ATMC,,,,,,,
Attach,ATCH,,,,,,,
Attached,ATCH,,,,,,,
Attachment,ATCH,,,,,,,
Attachments,ATCH,,,,,,,
Attempt,ATMPT,ATMPT,,X,X,,The act of trying something,
Attempted,ATMPT,ATMPT,,X,X,,Verb,
Attendance,ATNDC,,,,,,,
Attendant,ATNDT,,,,,,,
Attended,ATND,,,,,,,
Attention,ATTN,,,,,,,
Attic,ATTC,,,,,,,
Attitude,ATTTD,,,,,,,
Attorney,ATTY,,,,,,,
Attribute,ATTR,ATTR,,X,X,,,
Attributes,ATTRS,ATTRS,,,X,,,
Attribution,ATTR,ATTR,,X,X,,Process of assigning,
Auction,AUCT,AUCT,,X,X,,The act of selling something on the basis of bids.,
Auctioned,AUCT,AUCT,,X,X,,Verb,
Auctioneer,AUCTR,,,,,,,
Auctioneering,AUCTR,,,,,,,
Auctions,AUCT,AUCT,,X,X,,Plural of auctions,
Audio,AUDIO,,,,,,,
Audiologist,ADLGT,,,,,,,
Audiology,ADLGY,,,,,,,
Audit,AUDT,,,X,X,,,
Audited,AUDT,,,X,X,,"Used in ""Audited Date""",
Auditing,AUDTG,,,,,,,
Auditor,AUDTR,,,,,,,
Auditorium,ADTRM,,,,,,,
August,AUG,,,,,,,
Author,AUTHOR,,,,,,,
Authority,AUTH,,,,,,,
Authorization,AUTH,AUTH,,X,,,,
Authorizations,AUTHS,,,,,,,
Authorize,AUTH,AUTH,,X,X,,The verb.,
Authorized,AUTH,AUTH,,X,X,,Derivative of the verb,
Auto,AUTO,,,,,,,
Automated,AUTOM,,,,,,,
Automatic,AUTOM,,,,,,,
Automation,AUTOM,,,,,,,
Automobile,AUTO,,,,,,,
Automotive,AUTO,,,,,,,
Auxiliary,AUX,AUX,,X,,,,
Availability,AVLBL,,,X,X,,The status of an entity or used in conjunction with a measure.,
Available,AVLBL,,,X,X,,The status of an entity or used in conjunction with a measure.,
Available To Sell,ATS,ATS,,X,X,,An inventory term meaning the quantity available for sale.,
Avenue,AVE,,,,,,,
Average,AVG,,,,,,,
Average Unit Revenue,AUR,AUR,,X,X,,Used in Online Grocery for measuring the Average Revenue for each item unit.,
Average Handling Time,AHT,AHT,,X,X,,Used in Customer Servie for measuring the Average Handling Time for answering a phone call or chat.,
Aviation,AVN,,,,,,,
Avionic,AVNC,,,,,,,
Awaiting,AWAIT,,,,,,,
Award,AWRD,,,,,,,
Awning,AWN,,,,,,,
Bachelor,BCHLR,,,,,,,
Back,BK,,,,,,,
Backhaul,BKHL,BKHL,,X,X,,A return trip to the point of origin.,
Backout,BKOUT,,,,,,,
Backspace,BKSPC,,,,,,,
Backup,BKUP,,,,,,,
Badge,BADG,,,,,,,
Bag,BAG,,,,,,,
Bailing,BLG,,,,,,,
Baked,BAKD,,,,,,,
Baker,BAKR,,,,,,,
Bakery,BAKRY,,,,,,,
Baking,BAKG,,,,,,,
Balance,BAL,BAL,,X,X,,,
Balances,BALS,,,,,,,
Balancing,BALG,,,,,,,
Balloon,BLN,,,,,,,
Ballroom,BLLRM,,,,,,,
Bank,BNK,,,,,,,
Bank Identification Number,BIN,BIN,,X,X,,First 6 digits of the debit or credit card number identifying the issuing bank.,
Banker,BNKR,,,,,,,
Banking,BNKG,,,,,,,
Baptist,BAPT,,,,,,,
Barbeque,BBQ,,,,,,,
Barber,BARB,,,,,,,
Barcode,BARCODE,BARCODE,,X,X,,Barcode for a gift registry for example.  A unique identifier in short loosely used for UPC also.,
Bargain,BRGN,,,,,,,
Barge,BARG,,,,,,,
Barrel,BBL,,,,,,,
Barrels,BBLS,,,,,,,
Base,BASE,,,,,,,
Baseball,BSBLL,,,,,,,
Based,BASE,,,,,,,
Baseline,BL,,,X,X,,,
Basement,BSMNT,,,,,,,
Basic,BASIC,,,,,,,
Basin,BASIN,,,,,,,
Basis,BASIS,,,,,,,
Basket,BASKET,BSK,,X,X,,A group of objects such as a market basket.,
Basktball,BSKBL,,,,,,,
Batch,BATCH,,,,,,,
Bath,BTH,,,,,,,
Batteries,BATT,BATT,,X,X,,,
Battery,BATT,BATT,,X,X,,Battery,
Beach,BCH,,,,,,,
Bearing,BEARG,,,,,,,
Beautician,BTCN,,,,,,,
Beauty,BTY,,,,,,,
Beaver,BVR,,,,,,,
Bedding,BEDG,,,,,,,
Been,BEEN,,,,,,,
Before,BEF,BEF,,X,X,,Before,
Begin,BEG,BEG,,X,X,,"Start, commence.",
Beginning,BEG,,,,,,,
Behavior,BHVR,,,,,,,
Behavioral,BHVRL,,,,,,,
Below,BELW,,,,,,,
Below The Fold,BTF,BTF,,X,X,,The section of a web page visible only after you scroll.,
Benefice,BNFC,,,,,,,
Beneficial,BNFCL,,,,,,,
Beneficiary,BNFCY,,,,,,,
Benefit,BNFT,,,,,,,
Benefits,BNFTS,,,,,,,
Berry,BERY,,,,,,,
Better,BETR,,,,,,,
Between,BTWN,BTWN,,X,X,,Occurring between two finite objects.,
Beverage,BEV,,,,,,,
Beyond,BYND,,,,,,,
Bible,BIBLE,,,,,,,
Bicycle,BIKE,,,,,,,
Bid,BID,,,,,,,
Bidder,BIDR,,,,,,,
Bidders,BIDRS,,,,,,,
Bijou,BIJ,,,,,,,
Bike,BIKE,,,,,,,
Bill,BILL,,,,,,,
Bill Me Later,BML,,,x,x,,Order can be created without payment upfront.  Walmart will bill customer later.,
Bill Of Lading,BOL,BOL,,X,X,,A detailed list of a shipment of goods given by the Carrier to the Consigner.,
Billable,BILL,BILL,,X,X,,Derivative of the verb BILL,
Billed,BILL,,,,,,,
Billiard,BILRD,,,,,,,
Billing,BILL,BILL,,X,X,,,
Billings,BILL,,,,,,,
Binary,BIN,,,,,,,
Binder,BINDR,,,,,,,
Bindery,BINDY,,,,,,,
Binding,BINDG,,,,,,,
Biochemistry,BIOCH,,,,,,,
Biological,BIOL,,,,,,,
Biologist,BIOLG,,,,,,,
Biology,BIO,,,,,,,
Biomedical,BIOMD,,,,,,,
Biotechnology,BIOTC,,,,,,,
Birth,BIRTH,,,,,,,
Biscuit,BSCT,,,,,,,
Bishop,BP,,,,,,,
Bitmap,BMP,BMP,,,,X,Technical representation of on/off bits for specialized purpose.,
Black,BLCK,,,,,,,
Blacksmith,BSMTH,,,,,,,
Blank,BLNK,,,,,,,
Blanket,BLNKT,,,,,,,
Blend,BLEN,,,,,,,
Blending,BLENG,,,,,,,
Blessed,BLSSD,,,,,,,
Blind,BLND,,,,,,,
Block,BLK,,,,,,,
Blocked,BLKD,,,,,,,
Blocksize,BLKSZ,,,,,,,
Blood,BLOD,,,,,,,
Blueprint,BLPRT,,,,,,,
Board,BD,,,,,,,
Boarding,BDG,,,,,,,
Body,BDY,,,,,,,
Bogus,BOGUS,,,,,,,
Bolt,BOLT,,,,,,,
Bomber,BMBR,,,,,,,
Bond,BOND,,,,,,,
Bonded,BOND,,,,,,,
Bonus,BONUS,,,,,,,
Book,BOOK,,,,,,,
Bookbinder,BKBDR,,,,,,,
Bookbinding,BKBDG,,,,,,,
Booked,BOOKD,,,,,,,
Bookkeeper,BKKPR,,,,,,,
Bookkeeping,BKKPG,,,,,,,
Bookseller,BKSLR,,,,,,,
Bookshelf,BKSLF,,,,,,,
Bookstore,BKSTR,,,,,,,
Boost,BOST,,,,,,,
Booster,BOSTR,,,,,,,
Boot,BOOT,,,,,,,
Border,BRDR,,,,,,,
Borough,BORO,,,,,,,
Borrow,BRW,,,,,,,
Borrower,BRW,,,,,,,
Both,BOTH,,,,,,,
Bottle,BTL,,,,,,,
Bottled,BTLD,,,,,,,
Bottler,BTLR,,,,,,,
Bottling,BTLG,,,,,,,
Bottom,BTM,,,,,,,
Bottoms,BTM,,,,,,,
Boulevard,BLVD,,,,,,,
Bounce,BNC,BNC,,X,X,,To follow a return path as in email bounces.,
Bound,BND,,,,,,,
Boundary,BNDRY,,,,,,,
Boutique,BTQ,,,,,,,
Bowl,BWL,,,,,,,
Bowling,BWLG,,,,,,,
Box,BOX,,,,,,,
Bracket,BRKT,,,,,,,
Brad,BRAD,,,,,,,
Brain,BRAIN,,,,,,,
Brake,BRAK,,,,,,,
Branch,BR,,,,,,,
Brand,BRAND,BRAND,,X,,,,
Branded,BRAND,,,,,,,
Breadth,BDTH,BDTH,,X,X,,,
Break,BREAK,,,,,,,
Breakdown,BRKDN,,,,,,,
Breakpack,BRKPK,,,,,,,
Breeder,BREDR,,,,,,,
Brewery,BREWY,,,,,,,
Brewing,BREWG,,,,,,,
Brick,BRCK,,,,,,,
Bridal,BRDL,,,,,,,
Bridge,BRDG,,,,,,,
Brief,BRF,,,,,,,
Briquette,BRQTT,,,,,,,
British,BRTSH,,,,,,,
Broadcast,BCST,,,,,,,
Broadcaster,BCSTR,,,,,,,
Broadcasting,BCSTG,,,,,,,
Broadway,BRDWY,,,,,,,
Broker,BROKR,,,,,,,
Brokerage,BROKG,,,,,,,
Brother,BRO,,,,,,,
Brotherhood,BROHD,,,,,,,
Brown,BRWN,,,,,,,
Browse,BRWS,BRWS,,X,X,,To go over for reviewing or reading,
Browser,BRWSR,BRWSR,,X,X,,Computer software,
BRZ,BRZ,,,,,,,
Buccaneer,BCCNR,,,,,,,
Bucket,BCKT,,,,,,,
Budget,BDGT,,,,,,,
Budgeted,BDGTD,,,,,,,
Buffer,BUF,BUF,,X,X,,Buffer,
Build,BLD,BLD,,X,X,,,
Builder,BLDR,,,,,,,
Building,BLDG,,,,,,,
Built,BLT,BLT,,X,X,,,
Bulk,BULK,,,,,,,
Bulldozing,BDZG,,,,,,,
Bullet,BLLT,,,,,,,
Bulletin,BLLTN,,,,,,,
Bumper,BUMPR,,,,,,,
Burden,BURDN,,,,,,,
Bureau,BUR,,,,,,,
Burger,BGR,,,,,,,
Burning,BURNG,,,,,,,
Burst,BRST,,,,,,,
Bus,BUS,,,,,,,
Bushel,BUSHEL,,,,,,,
Business,BUS,BUS,,X,X,,Business - an entity or a qualifier such as business-phone.,
Business_Day,BDAY,,,,,,,3/19/2018
Business Unit,BU,,,,,,,
Business Unit Organization,BUO,,,,,,,
Butcher,BTCHR,,,,,,,
Butler,BUTLR,,,,,,,
Butter,BUTR,,,,,,,
Button,BUTN,,,,,,,
Buy,BUY,,,,,,,
Buyer,BUYER,BUYR,,,,,,
Buying,BUYG,,,,,,,
By,BY,,,,,,,
Bypass,BYPS,,,,,,,
Byte,BYTE,,,,,,,
Bytes,BYTES,,,,,,,
Cabaret,CBRT,,,,,,,
Cabin,CBN,,,,,,,
Cabinet,CBNT,,,,,,,
Cable,CABL,,,,,,,
Cadet,CDT,,,,,,,
Cafeteria,CAFE,CAFE,,X,X,,,
Calculate,CALC,,,,,,,
Calculated,CALC,,,,,,,
Calculation,CALC,,,,,,,
Calendar,CAL,CAL,X,,,,,
Calendar_Day,CDAY,CDAY,,X,X,,,3/19/2018
Calibration,CALIB,,,,,,,
California,CA,,,,,,,
Caliper,CLPR,,,,,,,
Call,CALL,,,,,,,
Calls,CALL,,,,,,,
Calvary,CLVRY,,,,,,,
Camera,CAM,,,,,,,
Campaign,CMPGN,CMPGN,,X,X,,A marketing campaign for example.,
Camper,CAMPR,,,,,,,
Campground,CAMP,,,,,,,
Camping,CAMP,,,,,,,
Campsite,CMPST,,,,,,,
Campus,CMPUS,,,,,,,
Canada,CANADA,,,,,,,
Canadian,CANDN,,,,,,,
Canal,CNL,,,,,,,
Cancel,CNCL,CNCL,,X,X,,To abort,
Cancellation,CNCL,,,,,,,
Cancelled,CNCL,CNCL,,X,,,Derivative of the verb.,
Candidate,CAND,,,,,,,
Candlelight,CNDLT,,,,,,,
Candy,CNDY,,,,,,,
Canned,CANNED,,,,,,,
Cannery,CANRY,,,,,,,
Canning,CAN,,,,,,,
Canopies,CANOP,,,,,,,
Cantor,CANTR,,,,,,,
Canvas,CANV,,,,,,,
Canyon,CNYN,,,,,,,
Cap,CAP,,,,,,,
Capacity,CPCTY,,,,,,,
Capital,CPTAL,,,,,,,
Capitol,CPTOL,,,,,,,
Captain,CAPT,,,,,,,
Car,CAR,,,,,,,
Carbon,CARBN,,,,,,,
Carbonated,CARBT,,,,,,,
Carburetor,CARB,,,,,,,
Card,CARD,,,,,,,
Cardiac,CRDC,,,,,,,
Cardinal,CARDL,,,,,,,
Cardiographic,CRDOG,,,,,,,
Cardiology,CRDOL,,,,,,,
Cardiovascular,CRDOV,,,,,,,
Cards,CARD,,,,,,,
Career,CREER,,,,,,,
Cargo,CRGO,,,,,,,
Carload,CARLD,,,,,,,
Carloading,CARLD,,,,,,,
Carpenter,CRPTR,,,,,,,
Carpentry,CRPTY,,,,,,,
Carpet,CRPET,,,,,,,
Carriage,CARRG,,,,,,,
Carribbean,CRBBN,,,,,,,
Carrier,CARRIER,CARRIER,X,X,X,,Carrier as a subject area OR as the entity in Transportation and Logistics,
Carry,CARRY,,,,,,,
Carrying,CARRY,,,,,,,
Cascade,CSCAD,,,,,,,
Casepack,CSPK,,,,,,,
Cases,CS,,,,,,,
Cash,CASH,,,X,X,,,
Cash Back,CASHBK,,,,,,,
Cash On Delivery,COD,COD,,X,X,,Shipping terminology.,
Cashier,CASHIER,,,X,X,,,
Casket,CSKT,,,,,,,
Cassette,CASET,,,,,,,
Cast,CAST,,,,,,,
Casting,CASTG,,,,,,,
Castle,CASTL,,,,,,,
Casual,CASUL,,,,,,,
Casualty,CASUL,,,,,,,
Cat,CAT,,,,,,,
Catalog,CATLG,CATLG,X,X,X,,,
Catalogue,CATLG,,,,,,,
Catalytic,CATLY,,,,,,,
Catchment,CATCH,CATCH,,X,X,,This is used in Online Grocery Catchment Area.,
Category,CATG,CATEG,,X,X, ,This is a value used to classify objects e.g. Product.  Use NM as classword instead. E.g. CATEG_NM,
Caterer,CATER,,,,,,,
Catering,CATER,,,,,,,
Catfish,CTFSH,,,,,,,
Cathedral,CTHDL,,,,,,,
Catholic,CATH,,,,,,,
Cattle,CTTL,,,,,,,
Cause,CAUS,,,,,,,
Causeway,CSWY,,,,,,,
Cavern,CAVRN,,,,,,,
Cedar,CEDR,,,,,,,
Ceiling,CLG,,,,,,,
Celebrity,CLBTY,,,,,,,
Cell,CEL,,,,,,,
Cellular,CELUR,,,,,,,
Celsius,C,,,,,,,
Cement,CEM,,,,,,,
Cemetery,CMTRY,,,,,,,
Census,CNSUS,CNSUS,,X,X,,Census of a population usually.,
Cent,CT,,,,,,,
Centennial,CENTL,,,,,,,
Center,CNTR,CNTR,,X,X,,,
Centers,CTRS,,,,,,,
Centigrade,C,,,,,,,
Centigram,CG,,,,,,,
Centiliter,CL,,,,,,,
Centimeter,CM,,,,,,,
Central,CNTRL,,,,,,,
Centralized,CTRLZ,,,,,,,
Centre,CNTR,CNTR,,X,X,,,
Century,CEN,,,,,,,
Ceramic,CRMC,,,,,,,
Ceremony,CRMNY,,,,,,,
Certificate,CERTF,,,,,,,
Certification,CERTF,,,,,,,
Certified,CERTF,,,,,,,
Certifying,CERTF,,,,,,,
Chain,CHN,,,,,,,
Chair,CHR,,,,,,,
Chaired,CHRD,,,,,,,
Chairman,CHRMN,,,,,,,
Chairperson,CHRPN,,,,,,,
Chairwomen,CHRWN,,,,,,,
Chamber,CHMBR,,,,,,,
Champion,CHAMP,,,,,,,
Chancellor,CHCLR,,,,,,,
Chandler,CHDLR,,,,,,,
Change,CHNG,CHNG,,X,X,,,
Changed,CHNG,CHNG,,X,X,,,
Changes,CHNG,CHNG,,X,X,,,
Channel,CHNL,CHNL,,X,X,,"Channel for sales, marketing, supply etc.",
Chapel,CHPL,,,,,,,
Chaplain,CHAP,,,,,,,
Chapter,CHPTR,,,,,,,
Character,CHAR,,,,,,,
Characteristic,CHAR,,,,,,,
Characters,CHAR,,,,,,,
Charcoal,CHRCL,,,,,,,
Charge,CHRG,CHRG,,X,X,,A cost in return for a service.,
Chargeable,CHRG,,,,,,,
Chargeback,CHRGBK,CHRGBK,X,X,X,,The domain or a financial transaction.,
Charged,CHRG,,,,,,,
Charges,CHRG,CHRG,,X,,,,
Charging,CHRG,,,,,,,
Charitable,CHRIT,,,,,,,
charity,CHRTY,,,,,,,
Chart,CHART,,,,,,,
Charter,CHRTR,,,,,,,
Chartered,CHRTR,,,,,,,
Charts,CHRTS,,,,,,,
Chauffeur,CHFFR,,,,,,,
Check,CHK,CHK,,X,X,,Inspect,
Checked,CKD,,,,,,,
Checklist,CKLST,,,,,,,
Checkout,CHKOUT,CHKOUT,X,X,X,,Checkout subject area OR Checkout as an action,
Checkpoint,CKPT,,,,,,,
Checks,CKS,,,,,,,
Checkup,CKUP,,,,,,,
Cheese,CHES,,,,,,,
Chemical,CHEM,,,,,,,
Chemist,CHEMT,,,,,,,
Cherry,CHRY,,,,,,,
Chess,CHSS,,,,,,,
Chestnut,CHSNT,,,,,,,
Chevrolet,CHEVY,,,,,,,
Chicken,CHICK,,,,,,,
Chief,CHF,,,,,,,
Chief Merchandising Officer,CMO,,,,,,,
Child,CHILD,CHILD,,X,X,,,
Children,CHLD,,,,,,,
Childrens,CHLD,,,,,,,
Chill,CHILL,,,X,X,,,
Chilled,CHILL,,,X,X,,,
Chimney,CHMNY,,,,,,,
Chinese,CHIN,,,,,,,
Chiropractic,CHIRO,,,,,,,
Chiropractor,CHIRO,,,,,,,
Chocolate,CHOC,,,,,,,
Choice,CHCE,,,,,,,
Choke,CHOKE,,,,,,,
Chose,CHOSE,,,,,,,
Christ,CHRST,,,,,,,
Christian,CHRST,,,,,,,
Chronicle,CHNCL,,,,,,,
Chrysler,CHRYS,,,,,,,
Church,CHUR,,,,,,,
Cigar,CIGAR,,,,,,,
Cigarette,CIG,,,,,,,
Cinema,CINMA,,,,,,,
Circle,CIR,,,,,,,
Circuit,CIRCT,,,,,,,
Circular,CIRC,,,,,,,
Circus,CRCUS,,,,,,,
Citizen,CTZN,,,,,,,
Citizenship,CTZNSP,,,,,,,
Citrus,CTRUS,,,,,,,
City,CITY,,,,,,,
Civic,CVC,,,,,,,
Civil,CVL,,,,,,,
Claim,CLAIM,CLAIM,,X,X,,,
Claims,CLM,,,,,,,
Class,CLASS,CLASS,,X,X, ,Do not use by itself. Teradata reserved word.  This is a value used to classify objects e.g. Product.  Use NM as classword instead. E.g. INBOUND_ITEM_CLASS_NM,
Classed,CLASS,,,,,,,
Classic,CLASC,,,,,,,
Classification,CLSFCTN,CLSFCTN,,X,,,,
Classifier,CLSFR,CLSFR,,X,X,,,
Classing,CLASS,,,,,,,
Clause,CLAUS,,,,,,,
Clauses,CLAUS,,,,,,,
Clean,CLEAN,,,X,X,,,
Cleanliness,CLEAN,,,X,X,,E.g. Cleanliness Score Value captured from customer survey,
Cleaner,CLEANR,,,X,,,,
Cleaning,CLEAN,CLNG,,X,X,,,
Cleanser,CLEANSR,,,X,X,,,
Clear,CLR,,,,,,,
Clearance,CLRNC,,,,,,,
Cleared,CLR,,,,,,,
Clearing,CLR,,,,,,,
Clergy,CLRGY,,,,,,,
Clerk,CLRK,,,,,,,
Click Stream Data,CSD,CSD,X,,,,Clickstream data subject area. Everything to do with user sessions and activity on a website.,
Clickstream Data,CSD,CSD,X,,,,Clickstream data subject area. Everything to do with user sessions and activity on a website.,
Client,CLNT,CLNT,,X,X,,Client as in a customer OR in IT as in Client-Server.,
Cliff,CLF,,,,,,,
Climate,CLMT,,,,,,,
Climatic,CLIMT,,,,,,,
Clinic,CLNC,,,,,,,
Clinical,CLNCL,,,,,,,
Clipper,CLPPR,,,,,,,
Clock,CLK,,,,,,,
Clocked,CLKD,,,,,,,
Close,CLOSE,,,,,,,
Closed,CLSD,,,,,,,
Closet,CLSET,,,,,,,
Closing,CLSG,,,,,,,
Clothes,CLTHS,,,,,,,
Clothier,CLTHR,,,,,,,
Clothing,CLTHG,,,,,,,
Cloud,CLOUD,,,,,,,
Club,CLUB,,,,,,,
Clubhouse,CLBHS,,,,,,,
Cluster,CLUST,,,,,,,
Clutch,CLTCH,,,,,,,
Coach,COACH,,,,,,,
Coast,COAST,,,,,,,
Coastal,COAST,,,,,,,
Coat,COAT,,,,,,,
Coated,COATD,,,,,,,
Coating,COATG,,,,,,,
Cobol,CBL,,,,,,,
Cockpit,CCKPT,,,,,,,
Cocoa,CCO,,,,,,,
Code,CD,CD,,,,X,A coded column which uses a system of numbers and/or letters for values which represent an assigned meaning.One or more letters or numbers that; in a given context; have a specific meaning or interpretation. Often requires a separate table to look up the code's meaning.,
Coded,CD,,,,,,,
Codes,CDS,,,,,,,
Coding,CDG,,,,,,,
Coefficient,COEFF,,,,,,,
Coffee,COF,,,,,,,
Coil,COIL,,,,,,,
Coiled,COILD,,,,,,,
Collateral,COLTL,,,,,,,
Colleague,COLLG,,,X,X,,,
Collect,COLL,COL,,X,X,,The verb,
Collectable,COLL,,,,,,,
Collected,COLL,COLL,,X,X,,Derivative of the verb 'collect',
Collection,COLL,,,,,,,
Collector,COLL,,,,,,,
College,COLG,,,,,,,
Collegiate,COLGT,,,,,,,
Collision,CLLSN,,,,,,,
Colonel,COLNL,,,,,,,
Colonial,CLNL,,,,,,,
Colony,CLNY,,,,,,,
Color,COLOR,,,,,,,
Colorado,CO,,,,,,,
Colossal,CLSSL,,,,,,,
Column,COL,,,,,,,
Combination,COMBN,,,,,,,
Combine,COMB,,,,,,,
Combined,COMBD,,,,,,,
Combustion,CMBSN,,,,,,,
Comfort,CMFRT,,,,,,,
Comingle,COMGL,,,,,,,
Command,CMD,,,,,,,
Commandant,CMDNT,,,,,,,
Commander,CMDR,,,,,,,
Commanding,CMD,,,,,,,
Commands,CMD,,,,,,,
Commence,CMNCE,,,,,,,
Commencement,CMNCT,,,,,,,
Comment,CMNT,CMNT,,X,,,,
Comments,CMT,,,,,,,
Commerce,CMRCE,,,,,,,
Commercial,CMCRL,,,,,,,
Commingle,COMGL,,,,,,,
Commingled,COMGL,,,,,,,
Commissary,COMSY,,,,,,,
Commission,COMM,COMM,,X,X,,,
Commissioner,COMMR,,,,,,,
Commissions,COMSN,,,,,,,
Commit,CMT,CMT,,X,,,,
Committal,COMTL,,,,,,,
Committed,CMT,CMT,,X,,,The action to,
Committee,COMTE,,,,,,,
Committment,COMMIT,,,,,,,
Commodity,COMMODITY,,,,,,,
Commodore,CMDRE,,,,,,,
Common,COM,,,,,,,
Commonwealth,COMWH,,,,,,,
Commune,CMUNE,,,,,,,
Communicate,COMMU,,,,,,,
Communication,COMM,COMM,,X,,,Communication,
Communications,COMM,,,,,,,
Communique,COMM,,,,,,,
Community,COMM,COMM,,X,X,,Community as in a group.,
Company,CMPNY,,,,,,,
Comparable,COMP,,,X,X,,,
Comparative,COMP,,,,,,,
Compare,CMP,CMP,,X,X,,,
Comparison,COMP,,,,,,,
Compatibility,CMPAT,,,,,,,
Compatible,CMPAT,,,,,,,
Compensated,COMPD,,,,,,,
Compensation,COMP,,,,,,,
Competition,CMPET,,,,,,,
Competitive,CMPET,,,,,,,
Competitive Adjusted Pricing,CAP,CAP,,X,X,,Walmart price will be automatically adjusted according to the competitor's price,
Competitor,COMP,COMP,,X,X,,,
Compiler,CMPLR,,,,,,,
Complaints,COMPLNT,COMPLNT,,X,X,,A complaint is negative feedback received from a customer usually.,
Complement,CPLMT,,,,,,,
Complete,CMPLT,CMPL,,X,,,"The status for an event. For example, a completed transaction.",
Completed,CPLT,,,,,,,
Completion,CMPL,CMPL,,X,X,,Derivative form of the verb complete,
Complex,CMPLX,,,,,,,
Complexity,CMPLX,,,,,,,
Comply,CMPLY,CMPLY,,X,X,,,
Compliance,CMPLY,CMPLY,,X,X,,e.g. Cold Chain Compliance,
Component,COMP,COMP,,X,X,,,
Components,CMPNT,,,,,,,
Compose,CPOSE,,,,,,,
Composite,CPSIT,,,,,,,
Composition,CPSITN,,,,,,,
Compound,CMPND,,,,,,,
Compounding,CMPND,,,,,,,
Comprehensive,CPRHV,,,,,,,
Compress,CMPRS,,,,,,,
Compression,CMPRS,,,,,,,
Compressor,CMPRS,,,,,,,
Comptroller,CMTLR,,,,,,,
Computation,CMPUT,,,,,,,
Computed,CMPUT,,,,,,,
Computer,CMPUT,,,,,,,
Computerized,CMPUT,,,,,,,
Computing,CMPUT,,,,,,,
Concatenate,CCAT,,,,,,,
Concatenated,CCAT,,,,,,,
Concatenation,CCAT,,,,,,,
Concentrate,CONC,,,,,,,
Concept,CNCPT,,,,,,,
Concession,CNCES,,,,,,,
Concourse,CNCRS,,,,,,,
Concrete,CCRET,,,,,,,
Condensate,CNDNS,,,,,,,
Condition,COND,COND,,X,X,,,
Conditioning,COND,,,,,,,
Condominium,CONDO,,,,,,,
Conducted,CNDCT,,,,,,,
Conductivity,CNDTV,,,,,,,
Cone,CONE,,,,,,,
Confectionery,CNFCT,,,,,,,
Confederated,CNFED,,,,,,,
Confederation,CNFED,,,,,,,
Confer,CNFR,,,,,,,
Conference,CONF,CONF,,X,,,,
Confidential,CNFID,,,,,,,
Configurable,CONFIG,CONFIG,,X,X,,,
Configuration,CONFIG,CONFIG,,X,X,,,
Confirm,CONF,CONF,,X,X,,,
Confirmation,CONF,CONF,,X,X,,,
Confirmed,CNFRM,,,,,,,
Confirming,CNFRM,,,,,,,
Conflict,CNFLT,,,,,,,
Congregation,CGRGN,,,,,,,
Congregational,CGRGN,,,,,,,
Congress,CNGRS,,,,,,,
Congressional,CNGRL,,,,,,,
Congressman,CNGRM,,,,,,,
Connect,CONN,,,,,,,
Connected,CONN,,,,,,,
Connecticut,CT,,,,,,,
Connecting,CONN,,,,,,,
Connection,CONN,,,,,,,
Connector,CONN,,,,,,,
Consecutive,CNSCT,,,,,,,
Conservation,CSERV,,,,,,,
Conservatory,CSERV,,,,,,,
Consideration,CNSDR,,,,,,,
Considerations,CNSDR,,,,,,,
Consign,CNSGN,CNSGN,,X,X,,The act of assigning a consignment to a consignee.,
Consignee,CNEE,CNEE,,X,X,,The individual to whom MDSE is delivered,
Consignment,CNMT,CNMT,,X,X,,A batch of goods intended for delivery,
Consolation,CONSL,,,,,,,
Consolidate,CNSLD,,,,,,,
Consolidated,CNSLD,,,,,,,
Consolidation,CNSLD,,,,,,,
Consolidator,CNSLD,,,,,,,
Consortium,CSRTM,,,,,,,
Constant,CSTNT,,,,,,,
Construct,CONST,,,,,,,
Constructing,CONST,,,,,,,
Construction,CONST,,,,,,,
Constructor,CONST,,,,,,,
Consult,CNSLT,CNSLT,,X,,,,
Consultant,CNSLT,,,,,,,
Consultation,CNSLT,,,,,,,
Consulting,CNSLT,,,,,,,
Consumable,CNSMBL,CSUMB,,,,,,
Consume,CONS,CONS,,X,X,,The verb.,
Consumer,CONS,CONS,,X,X,,,
Consumption,CONS,CONS,,X,X,,Derivate of the verb.,
Contact,CNTCT,CNTCT,,X,,,,
Contain,CTN,,,,,,,
Container,CNTNR,CNTNR,,X,,,,
Contemporary,CTMPY,,,,,,,
Content,CTENT,,,,,,,
Contention,CTENT,,,,,,,
Contents,CTENT,,,,,,,
Contest,CNTST,,,,,,,
Context,CNTXT,CNTXT,,X,X,,"The context or runtime environment for a process, for example.",
Contextual,CNTXT,CNTXT,,X,X,,Derivative of context.,
Continent,CNTNT,CNTNT,,X,,,A geographical continent area.,
Continental,CTNTL,,,,,,,
Contingency,CNTGY,,,,,,,
Contingent,CNTGT,,,,,,,
Continuatton,CONT,,,,,,,
Continue,CONT,,,,,,,
Continuing,CONT,,,,,,,
Continuous,CONT,,,,,,,
Contract,CNTRT,,,,,,,
Contracting,CNTRT,,,,,,,
Contractor,CNTRT,,,,,,,
Contracts,CNTRT,,,,,,,
Contractual,CNTRT,,,,,,,
Contribute,CNTRB,,,,,,,
Contributed,CNTRB,,,,,,,
Contribution,CNTRB,,,,,,,
Contribution_Profit,CP,CP,X,X,X,,,3/19/2018
Contribution Profit Report,CPR,CPR,,X,X,,,Contribution Profit is a specific term which indicates how much an item is contributing towards profit and Contribution Profit Report is a term for bunch of items which will be part of Contribution Profit.
Control,CNTRL,,,,,,,
Controlled,CNTRL,,,,,,,
Controller,CNTLR,,,,,,,
Controlling,CNTRL,,,,,,,
Controls,CNTRL,,,,,,,
Convalescent,CONVL,,,,,,,
Convenience,CONVC,CONVC,,X,X,,,
Convenient,CONVT,,,,,,,
Convent,CVNT,,,,,,,
Convention,CVNTN,,,,,,,
Conversational,CNVRS,,,,,,,
Converse,CNVRS,,,,,,,
Conversion,CONV,CONV,,X,X,,"Conversion from one unit to another. For example, currency or prospect to customer etc.",
Convert,CNVRT,,,,,,,
Converted,CNVRT,,,,,,,
Converter,CNVRT,,,,,,,
Convertible,CNVRT,,,,,,,
Convey,CONVEY,,,,,,,
Conveyable,CONVEY,,,,,,,
Conveyor,CONVEY,,,,,,,
Cooked,COOKD,,,,,,,
Cookie,COOKE,,,,,,,
Cooling,COOL,,,,,,,
Coop,COOP,,,,,,,
Cooperate,COOP,,,,,,,
Cooperative,COOP,,,,,,,
Coordinate,COORD,,,,,,,
Coordination,COORD,,,,,,,
Coordinator,COORD,,,,,,,
Copied,COPY,,,,,,,
Copier,COPY,,,,,,,
Copies,COPY,,,,,,,
Copper,COP,,,,,,,
Copy,COPY,,,,,,,
Core,CORE,,,,,,,
Corner,CORNR,,,,,,,
Coroner,CRONR,,,,,,,
Corporal,CORPL,,,,,,,
Corporate,CORP,CORP,,X,X,,,
Corporation,CORP,,,,,,,
Correct,CORR,CORR,,X,X,,,
Corrected,CRCT,,,,,,,
Correction,CRCT,,,,,,,
Correctional,CRCTN,,,,,,,
Correspond,CORSP,,,,,,,
Correspondence,CORSP,,,,,,,
Correspondent,CORSP,,,,,,,
Corresponding,CORSP,,,,,,,
Corrosion,CORRO,,,,,,,
Corrugated,CRGTD,,,,,,,
Cosmetic,CSMTC,,,,,,,
Cosmetologist,COSMG,,,,,,,
Cost,COST,,,,,,,
Costing,COST,,,,,,,
Cottage,CTG,,,,,,,
Cotton,COT,,,,,,,
Council,CONCL,,,,,,,
Counciling,CONCL,,,,,,,
Counsel,CNSL,,,,,,,
Counseling,CNSL,,,,,,,
Counsellor,CNSL,,,,,,,
Counselor,CNSL,,,,,,,
Count,CNT,CNT,,,,X,Count is used when incremented by one when the presence of an Individual object is determined.  Definition of object: The thing or entity being counted.The number of items which are of the same type such as clicks on a web site or items in a warehouse.,
Counted,CNT,,,,,,,
Counter,CNTR,,,,,,,
Counters,CNTR,,,,,,,
Country,CNTRY,CNTRY,,X,,,,
Counts,CNT,,,,,,,
county,CNTY,COUNTY,,,,,,
Coupe,CP,,,,,,,
Coupon,COUPN,,,,,,,
Coupons,COUPN,,,,,,,
Courier,COUR,,,,,,,
Course,CRS,,,,,,,
Court,CT,,,,,,,
Courtesy,CRTSY,,,,,,,
Covenant,CVNNT,,,,,,,
Cover,CVR,CVR,,X,X,,,
Coverage,COVRG,,,,,,,
Covered,CVR,CVR,,X,X,,,
Covering,COVR,,,,,,,
Cowboy,CWBY,,,,,,,
Craft,CRFT,,,,,,,
Crafter,CRFT,,,,,,,
Crafts,CRFT,,,,,,,
Craftsman,CRFTM,,,,,,,
Craftsmen,CRFTM,,,,,,,
Crane,CRANE,,,,,,,
Crazy,CRZY,,,,,,,
Cream,CRM,,,,,,,
Creamery,CRMRY,,,,,,,
Create,CREATE,CREATE,,,,,,
Created,CREATE,CRE,,,X,,,
Creating,CREATE,CREATE,,,,,,
Creation,CRE,CRE,,X,X,,Derivative of the verb.,
Creative,CRTV,CRTV,,X,X,,Creative used for digital advertisements for example.,
Creator,CRE,CRE,,X,,,,
Credit,CR,CR,,X,X,,A positive amount in finance for the recipient,
Credited,CR,,,,,,,
Creek,CRK,,,,,,,
Crepe,CRP,,,,,,,
Crescent,CRES,,,,,,,
Crest,CREST,,,,,,,
Crew,CRW,,,,,,,
Crewhours,CRWHR,,,,,,,
Criminal,CRMNL,,,,,,,
Criteria,CRITA,,,,,,,
Critical,CRTCL,,,,,,,
Crockery,CRKRY,,,,,,,
Cross,CROSS,,,,,,,
Crossing,XING,,,,,,,
Crossroad,XROAD,,,,,,,
Crown,CRWN,,,,,,,
Crude,CRUDE,,,,,,,
Crudes,CRUDE,,,,,,,
Cruise,CRUS,,,,,,,
Crusade,CRSD,,,,,,,
Crusader,CRSDR,,,,,,,
Crust,CRUST,,,,,,,
Cryogenic,CRYOG,,,,,,,
Crystal,CRYSL,,,,,,,
Cuisine,CSN,,,,,,,
Cultural,CLTRL,,,,,,,
Cumulative,CUM,,,,,,,
Cupboard,CPBRD,,,,,,,
Curator,CURTR,,,,,,,
Currency,CRNCY,CRNCY,X,X,X,,Currency _ monetary unit of measure for transactions.,
Current,CURR,CURR,,X,X,,Current,
Curriculum,CRCLM,,,,,,,
Cursor,CSR,,,,,,,
Curtain,CURTN,,,,,,,
Curve,CURVE,,,,,,,
Custodian,CSTDN,,,,,,,
Custom,CSTM,,,,,,,
Customary,CSTMY,,,,,,,
Customer,CUST,CUST,X,,,,Customer,
Customer Service,CS,CS,X,,,,Customer Service,
Customer Service Representative,CSR,CSR,,X,X,,,
Customize,CSTMZ,,,,,,,
Customs,CSTMS,,,,,,,
Cut,CUT,,,,,,,
Cute,CUTE,,,,,,,
Cutlery,CUTLY,,,,,,,
Cutting,CUT,,,,,,,
Cybernetic,CYBRN,,,,,,,
Cyborg,CYBG,,,,,,,
Cycle,CYC,,,,,,,
Cylinder,CYL,,,,,,,
Cylinders,CYLS,,,,,,,
Daily,DLY,DLY,,X,X,,A daily measure for some entity.,
Dairy,DAIRY,,,,,,,
Damage,DMG,,,,,,,
Damaged,DMGD,,,,,,,
Dance,DNC,,,,,,,
Dash,DASH,,,,,,,
Data,DATA,,,,,,,
Database,DB,,,,,,,
Dataset,DS,,,,,,,
Date,DT,DT,,,,X,"The point in time; stated in terms of day; month and year; at which something happened; existed or is to happen.  If there is a time part, use class word TS.",
Dates,DATES,,,,,,,
Datum,DATA,,,,,,,
Daughter,DGHTR,,,,,,,
Day,Day,DAY,,X,X,,,
Days,DYS,,,,,,,
Deacon,DCN,,,,,,,
Deactivate,DEATV,DEATV,,X,X,,,
Deactivated,DEATVD,DEATVD,,X,X,,2019-06-25 Inserted o support existing usage (21 occurences) in datalake.,
Deadline,DEADL,,,,,,,
Deal,DL,,,,,,,
Dealer,DLR,,,,,,,
Dealing,DLG,,,,,,,
Death,DEATH,,,,,,,
Debit,DEBIT,DEBIT,,X,X,,Debit as a financial transaction,
Debt,DEBT,,,,,,,
Debtor,DEBTR,,,,,,,
Decade,DECAD,,,,,,,
Decagram,DKG,,,,,,,
Decal,DECAL,,,,,,,
Decaliter,DKL,,,,,,,
Decameter,DKM,,,,,,,
December,DEC,,,,,,,
Deciliter,DL,,,,,,,
Decimal,DECML,,,,,,,
Decimals,DECML,,,,,,,
Decimeter,DM,,,,,,,
Decision,DCSN,,,,,,,
Declaration,DCLRN,,,X,X,,Customs import declaration and charges data from Damco,
Deconsolidation,DCNSLD,,,X,X,,place of deconsolidation name - Devan location (already passed customs),
Decor,DECOR,,,,,,,
Decorating,DECOR,,,,,,,
Decoration,DECOR,,,,,,,
Decorator,DECOR,,,,,,,
Decrease,DCRS,DCRS,,X,X,,,
Dectgram,DG,,,,,,,
Dedicated,DED,,,,,,,
Deduct,DEDCT,,,,,,,
Deduction,DEDCT,,,,,,,
Deductions,DEDCT,,,,,,,
Deducts,DEDCT,,,,,,,
Default,DFLT,DFLT,,X,X,,,
Defect,DFCT,,,,,,,
Defective,DEFECTIVE,,,,,,,
Defer,DEFR,,,,,,,
Deferred,DEFR,,,,,,,
Deficiency,DEFCY,,,,,,,
Deficit,DFICT,,,,,,,
Define,DEF,,,,,,,
Definer,DEF,,,,,,,
Definite,DEFNT,,,,,,,
Definition,DEF,,,,,,,
Definitions,DEF,,,,,,,
Degree,DGR,DGR,, X,X, ,Measurement of temperature; latitude; and longitude.  Use QTY as classword instead. E.g. PACK_TEMPR_DGR_QTY,
Delaware,DE,,,,,,,
Delay,DELAY,,,,,,,
Delete,DEL,DEL,,X,X,,Delete the verb,
Deleted,DEL,DEL,,X,X,,"Deleted, removed.",
Delicatessen,DELI,,,,,,,
Delight,DLHT,,,,,,,
Delimiter,DLMT,,,,,,,
Delinquent,DELQ,,,,,,,
Delinting,DLNTG,,,,,,,
Deliver,DLVR,DLVR,,X,X,,Deliver - the verb,
Deliverance,DLVR,,,,,,,
Delivered,DLVR,DLVR,,X,X,,Derivation of the verb.,
Deliveries,DLVR,,,,,,,
Delivery,DLVR,DLVR,,X,,,"Delivery of items, shipment etc.  For example DLVR_DT =",
Delivery From Store,DFS,DFS,,X,X,,Delivery of items from store via the Last Mile Delivery carriers.  ,
Delta,DELTA,,,,,,,
Demand,DMAND,,,,,,,
Democratic,DEM,,,,,,,
Demographics,DMGRPHS,DMGRPHS,,X,X,,,
Demolition,DEMLN,,,,,,,
Demonstration,DEMO,,,,,,,
Demur,DEMUR,,,,,,,
Demurrage,DEMUR,,,,,,,
Denomination,DENOM,,,X,X,,,
Denominator,DENOM,,,X,X,,,
Dense,DENSE,,,,,,,
Density,DENSE,,,,,,,
Dental,DNTL,,,,,,,
Dentist,DDS,,,,,,,
Dentistry,DNTRY,,,,,,,
Denture,DENTR,,,,,,,
Departed,DEP,DEP,,X,X,,Derivative of the verb.,
Department,DEPT,DEPT,,X,X,,,
Departments,DEPTS,,,,,,,
Departure,DEP,DEP,,X,X,,To leave,
Dependable,DPEND,,,,,,,
Dependent,DEP,,,,,,,
Dependents,DEP,,,,,,,
Depending,DEPG,,,,,,,
Depletion,DEPLN,,,,,,,
Deposit,DEPOS,,,,,,,
Depository,DEPOS,,,,,,,
Depot,DEPOT,,,,,,,
Depreciation,DEPR,,,,,,,
Depth,DP,,,,,,,
Deputy,DPTY,,,,,,,
Dequeue,DEQUE,,,,,,,
Derive,DERIV,,,,,,,
Descending,DSC,,,,,,,
Description,DESC,DESC,,,,X,Textual information that is standardized for describing the meaning of a Code value.  ,
Descriptive,DESC,,,,,,,
Descriptor,DESCP,,,,,,,
Desert,DSRT,,,,,,,
Design,DSGN,,,,,,,
Designate,DESIG,,,,,,,
Designated,DESIG,,,,,,,
Designated Market Area,DMA,DMA,,x,x,,"Designated Market Area is maintained by  Neilson and can be assigned to a Store, Club, Competitor",
Designation,DESIG,DESIG,,X,X,,"Designation of an individual in a Corporate Organization. For example, VP, SVP etc.",
Designator,DESIG,,,,,,,
Designer,DSGNR,,,,,,,
Designing,DSGNG,,,,,,,
Desired,DESIR,,,,,,,
Destination,DEST,DEST,,X,X,,Final resting place,
Detail,DTL,DTL,,X,X,,,
Detailed,DTLD,,,,,,,
Details,DTLS,,,,,,,
Detect,DETCT,,,,,,,
Detectable,DETCT,,,,,,,
Detection,DETCT,,,,,,,
Detective,DET,,,,,,,
Detention,DETN,,,,,,,
Deter,DETER,,,,,,,
Determine,DETRM,,,,,,,
Determined,DETRM,,,,,,,
Develop,DVEL,,,,,,,
Developed,DVEL,,,,,,,
Developer,DVELR,,,,,,,
Development,DVEL,,,,,,,
Developmental,DVEL,,,,,,,
Deviate,DEVIA,,,,,,,
Deviation,DEVIA,,,,,,,
Device,DEV,DEV,,X,X,,"An instrument for interfaces.  Such as tablet, mouse etc.",
Devices,DEV,,,,,,,
Diagnosis,DGNOS,,,,,,,
Diagnostic,DGNOS,,,,,,,
Diagram,DIGRM,,,,,,,
Diameter,DIA,,,,,,,
Diamond,DMND,,,,,,,
Diaper,DPR,,,,,,,
Dictator,DCTTR,,,,,,,
Dictionary,DICT,,,,,,,
Diesel,DIESL,,,,,,,
Dietary,DIET,,,,,,,
Dietetic,DIETC,,,,,,,
Difference,DIFF,,,,,,,
Different,DIFF,,,,,,,
Differential,DIFF,,,,,,,
Diffusion,DIFSN,,,,,,,
Digest,DGST,,,,,,,
Digestive,DGSTV,,,,,,,
Digit,DGT,,,,,,,
Digital,DGTL,,,,,,,
Diligence,DLGNC,,,,,,,
Diluent,DIL,,,,,,,
Dimension,DIM,DIM,,X,X,,"As in the spatial view of an object. Height, Weight etc. Not to be confused with dimension BI concept.",
Dimensional,DIML,,,,,,,
Dimensions,DIMS,,,,,,,
Diner,DNR,,,,,,,
Diocese,DIO,,,,,,,
Diode,DIOD,,,,,,,
Dip,DIP,,,,,,,
Direct,DIR,,,,,,,
Direction,DIRN,,,,,,,
Directional,DIRNL,,,,,,,
Director,DRCTR,,,,,,,
Directorate,DRCTR,,,,,,,
Directory,DIR,,,,,,,
Disability,DSABL,,,,,,,
Disabled,DSABL,,,,,,,
Disallow,DISALLOW,DISALLOW,,X,X,,Not allow,
Disallowed,DISALLOW,DISALLOW,,X,X,,Derivative of the verb,
Disarmament,DSARM,,,,,,,
Disaster,DISAS,,,,,,,
Disbursement,DSBRS,,,,,,,
Disbursements,DSBRS,,,,,,,
Discharge,DCHRG,,,,,,,
Discharges,DCHRG,,,,,,,
Discipline,DSCPL,,,,,,,
Disconnection,DSCON,,,,,,,
Discount,DISC,DISC,,X,X,,,
Discounts,DISC,,,,,,,
Discover,DISCV,,,,,,,
Discovered,DISCV,,,,,,,
Discovery,DISCV,,,,,,,
Discrepancy,DSCRP,,,,,,,
Discrimination,DSCRM,,,,,,,
Disease,DISEA,,,,,,,
Disk,DISK,,,,,,,
Dispatch,DSPTH,,,,,,,
Dispatcher,DSPTH,,,,,,,
Dispensary,DSPNS,,,,,,,
Dispensed,DSPNS,,,,,,,
Dispense,DSPNS,,,,,,,
Displacement,DISPL,,,,,,,
Display,DISP,DISP,,X,X,,,
Displayable,DSPLY,,,,,,,
Displayed,DSPLY,,,,,,,
Disposal,DSPSL,,,,,,,
Disposition,DSPSTN,DSPSTN,,X,,,Disposition as a result of some process. Such as disposition in the health industry.,
Dispute,DSPUT,,,,,,,
Disputed,DSPUT,,,,,,,
Distance,DISTN,,,,,,,
Distillate,DSTIL,,,,,,,
Distiller,DSTIL,,,,,,,
Distillery,DSTIL,,,,,,,
Distinctive,DSTNC,,,,,,,
Distribute,DISTR,DISTR,,X,X,,Distribute the verb,
Distributed,DISTR,DISTR,,X,X,,Derivative of the verb,
Distributing,DISTR,,,,,,,
Distribution,DISTR,DISTR,,X,X,,Derivative of the verb,
Distribution Center,DC,DC,X,X,X,,Distribution Center in supply chain.,
Distributor,DSTRBTR,DSTRBTR,,X,,,A Facility from where an item is typically stored & distributed,
District,DIST,,,,,,,
Diversion,DVRSN,,,,,,,
Divide,DV,,,,,,,
Dividend,DVDND,,,,,,,
Diving,DIVE,,,,,,,
Division,DIV,DIV,,X,X,,Division within a store OR Division as the math op,
Division Merchandise Manager,DMM,,,,,,,
Divisional,DIVL,,,,,,,
Dock,DOCK,,,,,,,
Docket,DOCKT,,,,,,,
Doctor,DR,,,,,,,
Document,DOC,DOC,,X,,,,
Documentation,DOCN,,,,,,,
Documents,DOCS,,,,,,,
Dodge,DDG,,,,,,,
Dollar,DLLR,,,,,,,
Dollars,DLLR,,,,,,,
Domain,DOMAIN,DOMAIN,,X,X,,Do not use by itself; Teradata reserved word.,
Domestic,DOM,,,,,,,
Domicile,DOMCL,,,,,,,
Dominion,DOMNN,,,,,,,
Donate,DONATE,DONATE,,X,X,,,
Donated,DONATE,DONATE,,X,X,,,
Donation,DONATE,DONATE,,X,X,,,
Done,DONE,,,,,,,
Donut,DONUT,,,,,,,
Dormant,DORMT,,,,,,,
Double,DBL,,,,,,,
Doughnut,DONUT,,,,,,,
Down,DWN,,,,,,,
Downgrade,DOWNGRADE,DNGR,,X,X,,,
Download,DWNLD,DWNLD,,X,X,,Download as in software download,
Downtown,DWNTN,,,,,,,
Dozen,DZ,,,,,,,
Draft,DRFT,,,,,,,
Drafted,DRFTD,,,,,,,
Drafting,DRFTG,,,,,,,
Draftsman,DFTMN,,,,,,,
Dragon,DRGN,,,,,,,
Drain,DRN,,,,,,,
Drainage,DRNG,,,,,,,
Dram,DR,,,,,,,
Drama,DRMA,,,,,,,
Draperies,DRAP,,,,,,,
Drapery,DRAP,,,,,,,
Draw,DRW,,,,,,,
Drawdown,DRWDN,,,,,,,
Drawdowns,DRWDN,,,,,,,
Drawer,DRWR,,,,,,,
Drawing,DRWG,,,,,,,
Drawings,DRWGS,,,,,,,
Drawn,DRWN,,,,,,,
Dream,DRM,,,,,,,
Dress,DRS,,,,,,,
Drill,DRL,,,,,,,
Drilled,DRLD,,,,,,,
Drilling,DRLG,,,,,,,
Drink,DRINK,,,,,,,
Drive,DRV,,,,,,,
Driver,DRVR,,,,,,,
Driving,DRVG,,,,,,,
Drop,DROP,,,,,,,
Drop Ship Vendor,DSV,DSV,,X,X,,,
Dry,DRY,,,,,,,
Drydock,DRYDK,,,,,,,
Drywall,DRYWL,,,,,,,
Dual,DUAL,,,,,,,
Duchess,DCHSS,,,,,,,
Due,DUE,,,,,,,
Dues,DUES,,,,,,,
Dummy,DUMMY,,,,,,,
Duplicate,DUP,DUP,,X,X,,An exact copy of something.,
Duplicating,DUPG,,,,,,,
Duplication,DUPN,,,,,,,
Duration,DUR,,,,,,,
Dutch,DTCH,,,,,,,
Duty,DUTY,,,,,,,
Dwelling,DWLLG,,,,,,,
Dyeing,DYG,,,,,,,
Dynamic,DYNAM,,,,,,,
Eagle,EGL,,,,,,,
Earliest,ERLY,,,,,,,
Earliest Delivery Date,EDD,EDD,,X,,,Shipping terminology.,
Earliest Shipment Date,ESD,ESD,,X,,,Shipping terminology.,
Early,ERLY,,,,,,,
Earn,EARN,,,,,,,
Earned,EARN,,,,,,,
Earning,EARN,,,,,,,
Earnings,EARN,,,,,,,
Earth,ERTH,,,,,,,
East,E,,,,,,,
Eastern,ESTRN,,,,,,,
Eastside,ESIDE,,,,,,,
Eatery,ETRY,,,,,,,
Ebay,EBAY,EBAY,X,X,X,,Stock symbol for eBay the online commerce firm.,
Echelon,ECHLN,,,,,,,
Echelons,ECHLN,,,,,,,
Ecology,ECO,,,,,,,
Ecommerce,ECOMM,ECOMM,,X,X,,,
Economic,ECON,,,,,,,
Economical_Order,ECO_ORD,ECO_ORD,X,X,X,,"Used when Sales Order has no split , no upgrade etc.",
Economist,ECONT,,,,,,,
Economy,ECON,,,,,,,
Edible,EDBL,,,,,,,
Edifice,EDFC,,,,,,,
Edit,EDIT,,,,,,,
Edited,EDIT,,,,,,,
Edition,ED,,,,,,,
Editor,EDITR,,,,,,,
Educate,EDU,EDU,,X,X,,Not the same as literate.,
Education,EDU,EDU,,X,X,,Noun,
Educational,EDUCL,,,,,,,
Effect,EFF,,,,,,,
Effective,EFF,EFF,,X,X,,,
Eight,8,,,,,,,
Eighteen,18,,,,,,,
Eighteenth,18TH,,,,,,,
Eighth,8TH,,,,,,,
Eject,EJECT,,,,,,,
Elapsed,ELAPS,,,,,,,
Elder,ELDR,,,,,,,
Elderly,ELDR,,,,,,,
Elect,ELCT,,,,,,,
Elected,ELCTD,,,,,,,
Electric,ELEC,,,,,,,
Electrical,ELECL,,,,,,,
Electrician,ELECN,,,,,,,
Electricity,ELEC,,,,,,,
Electrologist,ELLGT,,,,,,,
Electrolysis,ELLYS,,,,,,,
Electromechanical,ELMCH,,,,,,,
Electron,ELTRN,,,,,,,
Electronic,ELTNC,,,,,,,
Electroplating,ELPLT,,,,,,,
Elegance,ELGNC,,,,,,,
Elegant,ELGNT,,,,,,,
Element,ELEM,ELEM,,X,X,,,
Elemental,ELEM,,,,,,,
Elementary,ELEM,ELEM,,X,X,,,
Elements,ELEM,,,,,,,
Elevation,EL,,,,,,,
Elevator,ELEV,,,,,,,
Eleventh,11TH,,,,,,,
Eligibility,ELIG,ELIG,,X,X,,,
Eligible,ELIG,ELIG,,X,X,,,
Eliminate,ELIM,,,,,,,
Eliminating,ELIMG,,,,,,,
Elimination,ELIM,,,,,,,
Eliminations,ELIMS,,,,,,,
Elite,ELITE,,,,,,,
Email,EMAIL,EMAIL,,X,X,,Email as an address or an operation.,
Embassy,EMBSY,,,,,,,
embedded,EMBD,,,,,,,
Embroidery,EMB,,,,,,,
Emergency,EMER,,,,,,,
Empire,EMPRE,,,,,,,
Employ,EMPLY,,,,,,,
Employed,EMPLD,,,,,,,
Employee,EMPLE,,,,,,,
Employees,EMPLE,,,,,,,
Employer,EMPLR,,,,,,,
Employment,EMPLM,,,,,,,
Emporium,EMPOR,,,,,,,
Empty,EMPTY,,,,,,,
Enamel,ENL,,,,,,,
Enameling,ENLG,,,,,,,
Encode,ENCD,,,,,,,
Encoded,ENCD,,,,,,,
Encrypt,ENC,ENC,,X,X,,The action to mask using some pre-defined process such as an algorithm.,
Encryption,ENC,ENC,,X,X,,Derivative,
Encyclopedia,ENCY,,,,,,,
End,END,,,,,,,
Endeavor,ENDVR,,,,,,,
Ended,ENDED,,,,,,,
Ending,END,,,,,,,
Energy,ENRGY,,,,,,,
Enforcement,ENFRC,,,,,,,
Engage,ENGAGE,ENGAGE,,X,X,,,
Engagement,ENGAGE,ENGAGE,,X,X,,,
Engine,ENG,,,,,,,
Engineer,ENGR,,,,,,,
Engineered,ENGRD,,,,,,,
Engineering,ENGRG,,,,,,,
Engineers,ENGR,,,,,,,
England,ENGLD,,,,,,,
English,ENGL,,,,,,,
Engraver,ENGRV,,,,,,,
Engraving,ENGRV,,,,,,,
Enlarge,ENLRG,,,,,,,
Ensign,ENS,,,,,,,
Enter,ENTR,,,,,,,
Entered,ENTR,,,,,,,
Enterprise,ENTRP,,,,,,,
Entertainment,ETRTN,,,,,,,
Entitlement,ENTTL,,,,,,,
Entitlements,ENTTL,,,,,,,
Entity,ENTY,,,,,,,
Entrepreneur,ENTRP,,,,,,,
Entried,ENTRY,,,,,,,
Entries,ENTRY,,,,,,,
Entry,ENT,,,,,,,
Envelope,ENV,,,,,,,
Environment,ENVIR,,,,,,,
Environmental,ENVIR,,,,,,,
EPC,EPC,,,,,,,
Episcopal,EPSPL,,,,,,,
Epsilon,EPSLN,,,,,,,
Equal,EQ,,,,,,,
Equalization,EQLZN,,,,,,,
Equalized,EQLZD,,,,,,,
Equalizing,EQLZG,,,,,,,
Equally,EQLY,,,,,,,
Equestrian,EQSTN,,,,,,,
Equine,EQN,,,,,,,
Equipment,EQUIP,,,,,,,
Equipt,EQPT,,,,,,,
Equitable,EQTBL,,,,,,,
Equity,EQTY,EQTY,,X,X,,,
Equivalent,EQV,,,,,,,
Erect,ERCT,,,,,,,
Erecting,ERCT,,,,,,,
Erector,ERCTR,,,,,,,
Erroneous,ERR,,,,,,,
Error,ERR,ERR,,X,X,,An exception,
Errors,ERRS,,,,,,,
Escalate,ESCL,ESCL,,X,X,,To elevate in priority,
Escalation,ESCL,ESCL,,X,X,,Derivative of the verb escalate,
Esquire,ESQ,,,,,,,
Essential,ESNTL,,,,,,,
Established,ESTAB,,,,,,,
Establishment,ESTAB,,,,,,,
Estate,ESTAT,,,,,,,
Estimate,EST,EST,,X,X,,An approximation,
Estimated,EST,ESTMTD,,X,,,,
Estimated Cost Fixed,ECF,ECF,,X,X,,Used in Shipping Estimated Cost Fixed Amount,
Estimated Cost Variable,ECV,ECV,,X,X,,Used in Shipping Estimated Cost Variable Amount,
Estimation,ESTN,,,,,,,
Estimator,ESTR,,,,,,,
Estimators,ESTRS,,,,,,,
Etcetera,ETC,,,,,,,
Ethnicity,ETHNCTY,ETHNCTY,,X,X,,,
European,ERPN,,,,,,,
European Article Number,EAN,,,X,X,,,
Evaluation,EVAL,,,,,,,
Evangelical,EVNGL,,,,,,,
Evangelist,EVNGT,,,,,,,
Evangelistic,EVNGC,,,,,,,
Even,EVN,,,,,,,
Evening,EVE,EVE,,X,,,,
Event,EVENT,EVENT,,X,X,,An occurrence,
Events,EVNTS,,,,,,,
Evergreen,EVRGN,,,,,,,
Exact,EXCT,,,,,,,
Exam,EXAM,,,,,,,
Examination,EXAM,,,,,,,
Examine,EXAM,,,,,,,
Examiner,EXAMR,,,,,,,
Excavate,EXCVT,,,,,,,
Excavation,EXCVT,,,,,,,
Excavator,EXCVT,,,,,,,
Exceed,EXCD,,,,,,,
Excel,EXCL,,,,,,,
Except,EXCPT,EXCPT,,X,X,,The verb,
Exception,EXCPT,EXCPT,,X,X,,Derivative of the verb.,
Exceptional,EX,,,,,,,
Excess,EXCS,,,,,,,
Exchange,XCHNG,XCHNG,,X,X,,,
Exchangers,EXCH,,,,,,,
Excise,EXCIS,,,,,,,
Excitation,EXCIT,,,,,,,
Exclude,EXCL,EXCL,,X,X,,Antonym for include,
Excluded,EXCL,EXCL,,X,X,,Verb for exclude,
Excluding,EXCL,EXCL,,X,X,,Transitive form of the verb,
Exclusion,EXCL,,,,,,,
Exclusive,EXCL,,,,,,,
Execute,EXEC,EXEC,,X,X,,,
Execution,EXEC,EXEC,,X,X,,Derivative of the verb,
Executive,EXEC,,,,,,,
Executive Vice President,EVP,,,,,,,
Executor,EXCTR,,,,,,,
Exempt,EXMPT,,,,,,,
Exempted,EXMPT,,,,,,,
Exemption,EXMPT,,,,,,,
Exemptions,EXMPT,,,,,,,
Exhibit,EXHBT,,,,,,,
Exhibitor,EXHBT,,,,,,,
Existing,EXSTG,,,,,,,
Exit,EXIT,,,,,,,
Exits,EXITS,,,,,,,
Expand,EXPND,,,,,,,
Expandable,EXPND,,,,,,,
Expanded,EXPND,,,,,,,
Expanding,EXPND,,,,,,,
Expansion,EXPND,,,,,,,
Expected,EXPC,EXPC,,X,,,,
Expediter,XPDTR,,,,,,,
Expediting,XPDTG,,,,,,,
Expedition,EXPDN,,,,,,,
Expend,EXP,,,,,,,
Expended,EXP,,,,,,,
Expenditure,EXP,,,,,,,
Expense,EXP,,,,,,,
Experience,EXPRC,,,,,,,
Experiment,EXPER,,,,,,,
Experimental,EXPER,,,,,,,
Expert,XPERT,,,,,,,
Expiration,EXP,EXP,,X,X,,"End-of-life indicator.  Can also be used for derivatives such as expired, expiration etc.",
Expire,EXPIRE,,,,,,,
Expired,EXPIRE,,,,,,,
Expires,EXPIRE,,,,,,,
Expiry,EXP,EXP,,X,X,,"End-of-life indicator.  Can also be used for derivatives such as expired, expiration etc.",
Explaination,EXPLN,,,,,,,
Exploration,EXPLR,,,,,,,
Explosive,EXPSV,,,,,,,
Export,EXP,EXP,,X,X,,Export - the verb.,
Exportation,EXPRT,,,,,,,
Exporter,EXPRT,,,,,,,
Expose,EXPOS,,,,,,,
Exposition,EXPO,,,,,,,
Exposure,EXPOS,,,,,,,
Express,XPRS,XPRS,,X,X,,Express qualifier.,
Expression,EXPRN,,,,,,,
Expressway,EXPWY,,,,,,,
Extend,EXT,,,,,,,
Extended,EXTD,EXTD,,X,X,,,
Extension,EXTN,EXTN,,,X,,"Extension for an attribute. For example zip extension, description extension etc.",
Exterminating,XTERM,,,,,,,
Exterminator,XTERM,,,,,,,
External,EXT,EXT,,X,X,,,
Extra,EXTRA,,,,,,,
Extract,XTRCT,,,,,,,
Extracted,XTRCT,,,,,,,
Extraction,XTRCT,,,,,,,
Extractor,XTRCT,,,,,,,
Extreme,EXTRM,,,,,,,
Eye,EYE,,,,,,,
Fabric,FBRC,,,,,,,
Fabricated,FABR,,,,,,,
Fabricating,FABR,,,,,,,
Fabrication,FABR,,,,,,,
Fabrications,FABR,,,,,,,
Fabricator,FABR,,,,,,,
Face,FACE,,,,,,,
Facility,FCLTY,FAC,,X,X,,Facility as in a physical location such as a store.,
Factor,FCTR,,,,,,,
Factors,FCTR,,,,,,,
Factory,FCTRY,,,,,,,
Facts,FACTS,,,,,,,
Faculty,FCLTY,,,,,,,
Fahrenheit,F,,,,,,,
Fail,FAIL,,,,,,,
Failure,FAIL,,,,,,,
Fair,FAIR,,,,,,,
Faith,FTH,,,,,,,
Falls,FLS,,,,,,,
Familiar,FAMLR,,,,,,,
Family,FAM,,,,,,,
Famous,FMS,,,,,,,
Fancy,FNCY,,,,,,,
Fantastic,FNTST,,,,,,,
Fantasy,FNTSY,,,,,,,
Farm,FARM,,,,,,,
Farmer,FARMR,,,,,,,
Farming,FARMG,,,,,,,
Fashion,FASHN,,,,,,,
Fast,FAST,,,,,,,
Fastener,FAS,,,,,,,
Fasting,FAST,,,,,,,
Fatal,FTL,,,,,,,
Father,FR,,,,,,,
Faucet,FCT,,,,,,,
Favorite,FAV,,,X,X,,OG Favorite Item List,
Feather,FE,,,,,,,
Feature,FEAT,,,,,,,
Features,FEAT,,,,,,,
February,FEB,,,,,,,
Federal,FED,FED,,X,X,,,
Federal Employer Identification Number,FEIN,FEIN,,X,X,,,
Federated,FEDRT,,,,,,,
Federation,FEDRN,,,,,,,
Fee,FEE,,,,,,,
Feed,FEED,,,,,,,
Feedstock,FS,,,,,,,
Feet,FT,FT,,X,X, ,Measurement of length.  Use QTY as classword instead. E.g. PACK_LEN_FT_QTY,
Fellowship,FWSHP,,,,,,,
Female,FMALE,,,,,,,
Fence,FNC,,,,,,,
Ferrous,FER,,,,,,,
Fertilizer,FERT,,,,,,,
Fiber,FIBR,,,,,,,
Fiberglass,FIBRG,,,,,,,
Fica,FICA,,,,,,,
Fiche,FICHE,,,,,,,
Fidelity,FDLTY,,,,,,,
Field,FLD,,,,,,,
Fields,FLDS,,,,,,,
Fifth,5TH,,,,,,,
Fig,FIG,,,,,,,
Fight,FGHT,,,,,,,
Fighter,FGHTR,,,,,,,
Figure,FIG,,,,,,,
File,FILE,,,,,,,
Files,FILES,,,,,,,
Fill,FIL,,,,,,,
Filler,FILR,,,,,,,
Filter,FILTR,,,,,,,
Final,FINAL,,,,,,,
Finally,FINAL,,,,,,,
Finance,FIN,FIN,X,,,,,
Financed,FIN,FIN,,X,X,,e.g. Financed Amount ,
Financial,FIN,FIN,,X,X,,Adjective form of Finance,
Financier,FINCR,,,,,,,
Financing,FINCG,,,,,,,
Find,FIND,,,,,,,
Finder,FINDR,,,,,,,
Finding,FIND,FIND,,X,X,,Transitive for the verb,
Fineline,FINELINE,,,,,,,
Finest,FNST,,,,,,,
Finish,FNSH,,,,,,,
Finished,FNSHD,,,,,,,
Finishing,FNSHG,,,,,,,
Firearm,FRARM,,,,,,,
Fireman,FIRMN,,,,,,,
Firework,FRWRK,,,,,,,
Firm,FIRM,,,,,,,
First,FIRST,,,,,,,
Fiscal,FISCAL,,,,,,,
Fishery,FSHRY,,,,,,,
Fishing,FSHG,,,,,,,
Fitness,FITNS,,,,,,,
Five,5,,,,,,,
Fixed,FIXD,,,,,,,
Fixture,FIXTR,,,,,,,
Flag,FLAG,,,,,,,
Flags,FLAG,,,,,,,
Flare,FLARE,,,,,,,
Flat,FLAT,,,,,,,
Flavor,FLVR,,,,,,,
Fleet,FLT,,,,,,,
Flight,FLGT,,,,,,,
Float,FLOAT,,,,,,,
Flock,FLCK,,,,,,,
Floor,FLOOR,,,,,,,
Floorcovering,FLCVG,,,,,,,
Flooring,FLG,,,,,,,
Floral,FLRL,,,,,,,
Florida,FL,,,,,,,
Florist,FLRST,,,,,,,
Flow,FLOW,,,,,,,
Flower,FLWR,,,,,,,
Flowing,FLOWG,,,,,,,
Fluctuate,FLUCT,,,,,,,
Fluctuation,FLUCT,,,,,,,
Fluid,FLUD,,,,,,,
Fly,FLY,,,,,,,
Flying,FLY,,,,,,,
Flywheel,FLYWH,,,,,,,
Focus,FCS,,,,,,,
Fog,FOG,,,,,,,
Folio,FOLIO,,,,,,,
Following,FOLWG,,,,,,,
foodstamp,FOODSTAMP,,,,,,,
Foot,FT,,,,,,,
Football,FTBLL,,,,,,,
Footnote,FTNTE,,,,,,,
Footwear,FTWR,,,,,,,
For,FOR,,,,,,,
Force,FRC,,,,,,,
Forecast,FCST,FCST,,X,X,,,
Forecasted,FCST,,,,,,,
Forecasting,FCST,,,,,,,
Foreign,FRGN,,,,,,,
Foreman,FMAN,,,,,,,
Foresight,FSGHT,,,,,,,
Forest,FRST,,,,,,,
Forestry,FRSTY,,,,,,,
Forever,FORVR,,,,,,,
Forfeit,FORFT,,,,,,,
Forfeitures,FORFT,,,,,,,
Forging,FRG,,,,,,,
Forgoing,FORGO,,,,,,,
Forklift,FKLFT,,,,,,,
Form,FORM,,,,,,,
Formal,FORML,,,,,,,
Format,FMT,FMT,,X,X,,Email format for example.,
Formation,FORMN,,,,,,,
Formatted,FMT,,,,,,,
Former,FORMR,,,,,,,
Formula,FMULA,,,,,,,
Forth,FORTH,,,,,,,
Fortune,FRTN,,,,,,,
Forum,FRUM,,,,,,,
Forward,FWD,,,,,,,
Forwarding,FWDG,,,,,,,
Foster,FSTR,,,,,,,
Found,FND,,,,,,,
Foundation,FNDTN,,,,,,,
Foundry,FNDRY,,,,,,,
Fountain,FTN,,,,,,,
Four,4,,,,,,,
Fourteen,14,,,,,,,
Fourteenth,14TH,,,,,,,
Fourth,4TH,,,,,,,
Fraction,FRAC,,,,,,,
Fragrance,FRGNC,,,,,,,
Frame,FRAM,,,,,,,
Framework,FRAMW,,,,,,,
Framing,FRAMG,,,,,,,
Franchise,FNCHS,,,,,,,
Franchising,FNCHS,,,,,,,
Fraternal,FTRNL,,,,,,,
Fraternity,FTRNY,,,,,,,
Free,FREE,,,,,,,
Freeze,FRZ,FRZ,,X,X,,The verb,
Freezer,FRZR,,,,,,,
Freight,FRGHT,FRGHT,,X,X,,Freight as in the logistics and transportation industry,
French,FRNCH,,,,,,,
Frequencies,FREQ,,,,,,,
Frequency,FREQ,,,,,,,
Fresh,FRSH,,,,,,,
Friary,FRY,,,,,,,
Friction,FRCTN,,,,,,,
Friday,FRI,,,,,,,
Fried,FRD,,,,,,,
Friend,FRND,,,,,,,
Friendly,FRND,,,,,,,
Friendliness,FRND,,,X,X,,E.g. Friendliness Score Value captured from a customer survey,
From,FROM,,,,,,,
Frontier,FRNTR,,,,,,,
Frozen,FRZN,,,,,,,
Fruit,FRT,,,,,,,
Fry,FRY,,,,,,,
Fuel,FUEL,,,,,,,
Fulfillable,FULFLBL,FULFLBL,,X,X,,,
Fulfillment,FULFMT,FMT,,X,,,,
Fulfillment Center,FC,FC,,X,X,,The organizaton business unit that fulfills the order.,
Full,FULL,,,,,,,
Fully,FULY,,,,,,,
Function,FUNC,,,,,,,
Functional,FUNCL,,,,,,,
Functionary,FUNCY,,,,,,,
Fund,FUND,,,,,,,
Fundamentalist,FDMNT,,,,,,,
Funding,FUNDG,,,,,,,
Funds,FUND,,,,,,,
Funeral,FNRL,,,,,,,
Fur,FUR,,,,,,,
Furlong,FURLG,,,,,,,
Furnace,FRNC,,,,,,,
Furnished,FRNSH,,,,,,,
Furnishing,FRNSH,,,,,,,
Furniture,FURN,,,,,,,
Furrier,FUR,,,,,,,
Fusion,FUSN,,,,,,,
Future,FUTR,,,,,,,
Gain,GAIN,,,,,,,
Gains,GAINS,,,,,,,
Galaxy,GALXY,,,,,,,
Gallery,GLLRY,,,,,,,
Gallon,GAL,,,,,,,
Gallons,GAL,,,,,,,
Galvanizing,GLVNZ,,,,,,,
Garage,GAR,,,,,,,
Garden,GRDN,,,,,,,
Gardener,GRDNR,,,,,,,
Garment,GMT,,,,,,,
Garnish,GRNSH,,,,,,,
Garnishment,GRNSH,,,,,,,
Gas,GAS,,,,,,,
Gasoline,GAS,,,,,,,
Gasses,GAS,,,,,,,
Gates,GATES,,,,,,,
Gateway,GTWY,,,,,,,
Gather,GATHR,,,,,,,
Gatherer,GATHR,,,,,,,
Gathering,GATHR,,,,,,,
Gauge,GAUGE,,,,,,,
Gauger,GAUGR,,,,,,,
Gazette,GAZ,,,,,,,
Gear,GEAR,,,,,,,
Gel,GEL,,,,,,,
Gender,GENDER,GENDER,,X,X,,,
General,GEN,,,,,,,
General Merchandise Manager,GMM,,,,,,,
Generate,GEN,GEN,,X,X,,The verb,
Generated,GEN,,,,,,,
Generating,GEN,,,,,,,
Generation,GEN,,,,,,,
Generator,GENR,,,,,,,
Generic,GENIC,,,,,,,
Genesis,GNSS,,,,,,,
Gentlemen,GNTMN,,,,,,,
Geochemical,GOCHM,,,,,,,
Geodesic,GODSC,,,,,,,
Geographic,GEO,GEO,,X,X,,,
Geographical,GEO,GEO,,X,X,,,
Geography,GEO,GEO,X,,,,"Geographical location, could refer state, region, country etc",
Geologic,GEOL,,,,,,,
Geological,GEOL,,,,,,,
Geologist,GEOL,,,,,,,
Geology,GEOL,,,,,,,
Geophysical,GOPHY,,,,,,,
Georgia,GA,,,,,,,
Geothermal,GOTHM,,,,,,,
Geriatric,GERI,,,,,,,
Get,GET,,,,,,,
Gets,GETS,,,,,,,
Giant,GNT,,,,,,,
GIFT,GIFT,,,,,,,
Gingerbread,GNGBD,,,,,,,
Glace,GLC,,,,,,,
Gladiator,GLDTR,,,,,,,
Glass,GLS,,,,,,,
Glassware,GLSWR,,,,,,,
Glaze,GLZ,,,,,,,
Global,GLBL,GLBL,,X,,,,
Global Governance,GG,GG,,X,X,,Global Governance is a Subject Area,
Global Location Number,GLN,,,X,X,,,
Global Store,GS,GS,X,,,,The domain defined to sell merchandize between different Walmart eCommerce markets.,
Global Trade Item Number,GTIN,,,X,X,,,
Global Product Classification,GPC,GPC,,x,x,,,
Gloss,GLOS,,,,,,,
Glossary,GLOS,,,,,,,
Glove,GLV,,,,,,,
Golden,GLDN,,,,,,,
Good,GOOD,,,,,,,
Goodwill,GDWLL,GDWLL,,X,X,,Goodwill gesture.,
Gospel,GSPL,,,,,,,
Gourmet,GRMT,,,,,,,
Governing,GOV,,,,,,,
Government,GOVT,,,,,,,
Governmental,GOVT,,,,,,,
Governor,GOV,,,,,,,
Grace,GRC,,,,,,,
Grade,GRDE,,,,,,,
Graduate,GRAD,,,,,,,
Graduated,GRAD,,,,,,,
Grain,GRAN,,,,,,,
Gram,G,,,,,,,
Grand,GRAND,,,,,,,
Grandma,GDMA,,,,,,,
Grandpa,GDPA,,,,,,,
Granite,GRNIT,,,,,,,
Grantee,GRNTE,,,,,,,
Grantor,GRNTR,,,,,,,
Granular,GRNLR,,,X,X,,Used in 'Granular Marketing Spend' analysis.,
Graph,GRPH,,,,,,,
Graphic,GRPHC,,,,,,,
Gravel,GRVL,,,,,,,
Gravity,GRAV,,,,,,,
Grease,GREAS,,,,,,,
Great,GRT,,,,,,,
Greater,GRTR,,,,,,,
Green,GRN,,,,,,,
Greenhouse,GRNHS,,,,,,,
Greeting,GRETG,,,,,,,
Gregorian,GREG,,,,,,,
Grill,GRL,,,,,,,
Grinder,GRNDR,,,,,,,
Grinding,GRND,,,,,,,
Grocer,GROC,,,,,,,
Grocery,GROC,,,,,,,
Grocery Home Shopping,GHS,,,X,X,,,Used in GHS Market Name
Groom,GROOM,,,,,,,
Grooming,GROOM,,,,,,,
Gross,GROSS,,,,,,,
Gross Merchandise Value,GMV,,,,,,,
Ground,GND,GND,,X,X,,,
Group,GRP,GRP,,X,,,,
Grouping,GRPG,,,,,,,
Groups,GRPS,,,,,,,
Grove,GRV,,,,,,,
Guaranteed,GUAR,,,,,,,
Guard,GRD,,,,,,,
Guardian,GRDAN,,,,,,,
Guidance,GUIDC,,,,,,,
Guide,GUID,,,,,,,
Guideline,GUIDL,,,,,,,
Guild,GLD,,,,,,,
Gunnery,GUNRY,,,,,,,
Gunsmith,GUNSM,,,,,,,
Gym,GYM,,,,,,,
Gymnastic,GYM,,,,,,,
Gypsum,GYPS,,,,,,,
Habit,HABIT,,,,,,,
Haircutting,HRCUT,,,,,,,
Hairdresser,HRDRS,,,,,,,
Hairstyling,HRSTY,,,,,,,
Hairstylist,HRSTY,,,,,,,
Half,HALF,,,,,,,
Hallmark,HLMRK,,,,,,,
Hamburger,HMBGR,,,,,,,
Handbag,HNDBG,,,,,,,
Handicap,HNDCP,,,,,,,
Handicapped,HNDCP,,,,,,,
Handicraft,HNDCF,,,,,,,
handkey,HANDKEY,,,,,,,
Handle,HNDL,HDL,,X,X,,To manage OR as a means to process something OR in IT as a pointer.,
Handler,HNDLR,,,,,,,
Handling,HNDLG,,,,,,,
Handprint,HDPRT,,,,,,,
Handy,HNDY,,,,,,,
Handyman,HNDYM,,,,,,,
Happy,HAP,,,,,,,
Harbor,HBR,,,,,,,
Hardware,HDW,,,,,,,
harmonized,HARMONIZE,,,,,,,
Harness,HARN,,,,,,,
Harvest,HRVST,,,,,,,
Has,HAS,,,,,,,
Hash,HASH,,,,,,,
Hatchery,HTCHY,,,,,,,
Hauling,HLG,,,,,,,
Have,HAVE,,,,,,,
Haven,HVN,,,,,,,
Hawaii,HI,,,,,,,
Haystack,HYSTK,,,,,,,
Hazard,HZD,,,,,,,
Hazardous,HZRD,HZRD,,,X,,,
Hazardous Material,HAZMAT,,,,,,,
Head,HD,,,,,,,
Headache,HDACH,,,,,,,
Header,HDR,HDR,,,X,,,
Heading,HDG,,,,,,,
Headings,HDGS,,,,,,,
Headliner,HDLNR,,,,,,,
Headquarters,HQ,,,,,,,
Health,HLTH,,,,,,,
Hear,HEAR,,,,,,,
Hearing,HEAR,,,,,,,
Heart,HEART,,,,,,,
Heat,HEAT,,,,,,,
Heater,HTR,,,,,,,
Heating,HTG,,,,,,,
Heavy,HVY,,,,,,,
Hectare,HA,,,,,,,
Hectograrm,HG,,,,,,,
Hectoliter,HL,,,,,,,
Height,HT,HT,,X,X,,,
Held,HELD,,,,,,,
Helicopter,HCPTR,,,,,,,
Helium,HELI,,,,,,,
Helper,HLPR,,,,,,,
Hemisphere,HEMIS,,,,,,,
Hemoglobin,HGB,,,,,,,
Hemogram,CBC,,,,,,,
Here,HERE,,,,,,,
Heritage,HRTG,,,,,,,
Heter,HETER,,,,,,,
Hex,HEX,,,,,,,
Hi,HI,,,,,,,
Hickory,HCKRY,,,,,,,
Hidden,HIDN,,,,,,,
Hideaway,HDWY,,,,,,,
Hier,HIER,,,,,,,
Hierarchies,HIERS,,,,,,,
Hierarchy,HRCHY,HRCHY,,X,X,,"Hierarchy for reporting, products etc.",
High,HI,,,,,,,
Higher,HI,,,,,,,
Highest,HI,,,,,,,
Highland,HILND,,,,,,,
Highway,HWY,,,,,,,
Hilltop,HLTP,,,,,,,
Hire,HIRE,,,,,,,
Hired,HIRED,,,,,,,
Historical,HIST,,,,,,,
History,HIST,HIST,,X,X,,Usually used as a suffix for tables containing historical data.,
Hitching,HTCHG,,,,,,,
Hobby,HOB,,,,,,,
Hold,HLD,,,,,,,
Holder,HLDR,,,,,,,
Holding,HLDG,,,,,,,
Hole,HOLE,,,,,,,
Holiday,HDAY,,,,,,,
Holiness,HLNSS,,,,,,,
Home,HOME,HOME,,X,X,,,
Homeoffice,HO,HO,,X,X,,Walmart terminology.,
Homestead,HMSTD,,,,,,,
Homework,HMWRK,,,,,,,
Honeybee,HNYB,,,,,,,
Honorable,HON,,,,,,,
Horizon,HRZN,,,,,,,
Horizontal,HRZNL,,,,,,,
Horse,HORSE,,,,,,,
Horsepower,HP,,,,,,,
Horticultural,HORTL,,,,,,,
Horticulture,HORT,,,,,,,
Hosiery,HSRY,,,,,,,
Hospice,HSPC,,,,,,,
Hospital,HOSP,,,,,,,
Hospitality,HOSPY,,,,,,,
Hot,HOT,,,,,,,
Hotel,HTL,,,,,,,
Hour,HR,HR,,X,X,,Unit of time,
Hourly,HRLY,HRLY,,X,X,,"Derivative of hour. For example, hourly jobs.",
Hours,HRS,,,,,,,
House,HSE,HSE,,X,X,,,
Household,HH,HH,,X,X,,A household as defined in marketing context.,
Housewares,HSWRS,,,,,,,
Housing,HSEG,,,,,,,
How,HOW,,,,,,,
Hull,HULL,,,,,,,
Human,HMN,,,,,,,
Hundred,HUNDR,,,,,,,
Hundredweight,CWT,,,,,,,
Hungry,HNGRY,,,,,,,
Hunter,HNTR,,,,,,,
Hydraulic,HYDRA,,,,,,,
Hydrogen,H,,,,,,,
Hygiene,HYGN,,,,,,,
Hypermart,HM,,,,,,,
Hyphen,DASH,,,,,,,
Hypnosis,HYPNS,,,,,,,
Idaho,ID,,,,,,,
Ideal,IDEAL,,,,,,,
Identification,ID,ID,,,,X,An identification number or alphanumeric attribute used to identify an entity. This class word is sometimes used instead of CD when there are thousands of possible values.,
Identifier,ID,ID,,,,X,An identification number or alphanumeric attribute used to identify an entity. This class word is sometimes used instead of CD when there are thousands of possible values,
Identify,ID,,,X,X,,,
Identity,ID,,,X,X,,,
Idle,IDLE,,,,,,,
If,IF,,,,,,,
Ignition,IGN,,,,,,,
Ignore,IGNOR,,,,,,,
Illinois,IL,,,,,,,
Image,IMG,IMG,,X,X,,,
Imagination,IMGN,,,,,,,
Imaging,IMG,,,,,,,
Imbalance,IMBAL,,,,,,,
Immaculate,IMCLT,,,,,,,
Immediate,IMMED,,,,,,,
Immigration,IMGRT,,,,,,,
Impact,IMPCT,,,,,,,
Impaired,IMPRD,,,,,,,
Impediment,IMPED,,,,,,,
Imperial,IMPRL,,,,,,,
Implement,IMPL,,,,,,,
Implementation,IMPL,,,,,,,
Import,IMP,IMP,,X,X,,Import - the verb.,
Importation,IMPTN,,,,,,,
Imported,IMPTD,,,,,,,
Importer,IMPTR,,,,,,,
Importing,IMPTG,,,,,,,
Impossible,IMPOS,,,,,,,
Impression,IMP,IMP,,X,X,,"In the web world, a user view",
Imprint,IMPRT,,,,,,,
Imprinter,IMPRT,,,,,,,
Improvement,IMPRV,,,,,,,
Inactive,INATV,,,,,,,
Inbound,INBOUND,INB,,X,,,,
Incarnation,INCRN,,,,,,,
Incentive,INCTV,,,,,,,
Inception,INCPT,,,,,,,
Inch,IN,,,,,,,
Include,INCL,INCL,,X,X,,,
Included,INCL,INCL,,X,X,,,
Includes,INCL,,,,,,,
Inclusion,INCL,,,,,,,
Inclusive,INCL,,,,,,,
Income,INCOME,INC,,X,X,,,
Incomplete,INCMPL,INCMPL,,X,X,,Not complete.,
Incorporated,INC,,,,,,,
Incorporation,INC,,,,,,,
Increase,INC,INC,,X,X,,,
Increasing,INCR,,,,,,,
Increment,INCRM,,,,,,,
Incremental,INCRM,,,,,,,
Indemnity,INDMY,,,,,,,
Independence,INDEP,,,,,,,
Independent,INDEP,,,,,,,
Index,NDX,NDX,,X,X,,,
Indian,INDN,,,,,,,
Indiana,IN,,,,,,,
Indicate,IND,,,,,,,
Indicated,IND,,,,,,,
Indication,IND,,,,,,,
Indicative,IND,,,,,,,
Indicator,IND,IND,,,,X,"A Boolean expression limited to three possible conditions (1 for True; 0 for False; Null for unknown). If there is more than 3 options, then use classword 'CD' instead.",
Indicators,IND,,,,,,,
Indirect,INDIR,,,,,,,
Individual,INDIV,INDIV,,X,X,,,
Industrial,INDUS,,,,,,,
Industry,INDUS,,,,,,,
Infant,INFNT,,,,,,,
Infirm,INFRM,,,,,,,
Infirmary,INFRM,,,,,,,
Inform,INF,,,,,,,
Information,INFO,,,,,,,
Ingredient,INGRD,,,,,,,
Inhibitor,INHIB,,,,,,,
Initial,INIT,,,,,,,
Initial(S),INIT,INIT,,X,X, ,The first letter of a name or any part of name _ first; last; middle; or all initials.  Use NM as classword instead. E.g. CUST_INIT_NM,
Initialization,INIT,,,,,,,
Initialize,INIT,,,,,,,
Initials,INIT,,,,,,,
Initiate,INITE,,,,,,,
Initiated,INIT,INIT,,X,,,Transaction Initiation,
Initiating,INIT,INIT,,X,X,,Derivative of the verb.,
Initiation,INITN,,,,,,,
Initiator,INITR,,,,,,,
Inject,INJT,,,,,,,
Injectable,INJTB,,,,,,,
Injected,INJT,,,,,,,
Injection,INJT,,,,,,,
Injury,INJRY,,,,,,,
Inland,INLND,,,,,,,
Inlet,INLET,,,,,,,
Inner,INNR,,,,,,,
Innkeeper,INKPR,,,,,,,
Innocent,INCNT,,,,,,,
Innovation,INVTN,,,,,,,
Innovative,INVTV,,,,,,,
Input,INPUT,,,,,,,
Inquire,INQ,,,,,,,
Inquiry,INQ,,,,,,,
Inquisitive,INQTV,,,,,,,
Inscription,INSCR,,,,,,,
Insecure,INSEC,,,,,,,
Insert,ISRT,,,,,,,
Insertable,ISRT,,,,,,,
Inserted,ISRT,,,,,,,
Insertion,ISRT,,,,,,,
Inside,INSD,,,,,,,
Inspect,INSP,,,,,,,
Inspection,INSPN,,,,,,,
Inspector,INSP,,,,,,,
Install,INSTL,,,,,,,
Installation,INSTL,,,,,,,
Installed,INSTL,,,,,,,
Installer,INSTL,,,,,,,
Installment,INSTL,,,,,,,
Instance,INST,INST,,X,X,,An occurrence,
Instant,INST,INST,,X,X,,A moment in time,
Institute,INST,,,,,,,
Institution,INST,,,,,,,
Instock,INSTK,,,,,,,
Instruction,INSTR,INSTR,,X,,,,
Instructional,INSTR,,,,,,,
Instructions,INSTR,,,,,,,
Instructor,INSTR,,,,,,,
Instrument,INSTR,INSTR,,X,X,,"An instrument such as a financial instrument, measuring instrument etc.",
Instrumentation,INSTM,,,,,,,
Insulated,INSUL,,,,,,,
Insulating,INSUL,,,,,,,
Insulation,INSUL,,,,,,,
Insurance,INS,,,,,,,
Intangible,INTAN,,,,,,,
Integer,INTGR,,,,,,,
Integrate,INTG,INTG,,X,X,,"To join, make one",
Integrated,INTG,,,,,,,
Integration,INTG,INTG,,X,X,,Derivative of the verb.,
Integrator,INTG,,,,,,,
Inteior,INTOR,,,,,,,
Intelligence,INTEL,,,,,,,
Intend,INTND,,,,,,,
Intended,INTND,,,,,,,
Intent,INTNT,,,,,,,
Intentional,INTNTL,INTNTL,,X,X,,"Derivative of Intention. For example, intentional backorders.",
Inter,INTER,,,,,,,
Interaction,ITATN,,,,,,,
Interactive,ITATV,,,,,,,
Interchange,ITCHG,,,,,,,
Intercompany ,INTERCO,INTERCO,,X,X,,,3/19/2018
Intercontinental,ITCON,,,,,,,
Interest,INT,,,,,,,
Interface,INTFC,,,,,,,
Interfaces,INTFC,,,,,,,
Interfacing,INTFC,,,,,,,
Interfaith,ITFTH,,,,,,,
Interim,INTRM,,,,,,,
Interior,INTR,,,,,,,
Intermediate,INTER,,,,,,,
Internal,INT,INT,,X,X,,,
International,INTL,INTL,,X,X,,,
International Article Number,IAN,,,X,X,,,
International Standard Book Number,ISBN,,,X,X,,,
Internet,INET,INET,,X,X,,,
Internist,ITRNT,,,,,,,
Interpretation,INTRP,,,,,,,
Interpreter,INTRP,,,,,,,
Interstate,ITRST,,,,,,,
Interval,INTVL,,,,,,,
Interview,INTVW,,,,,,,
Interviewer,INTVW,,,,,,,
Into,INTO,,,,,,,
Intransit,INTRN,,,,,,,
intrest,INTREST,,,,,,,
Introduction,INTRO,,,,,,,
Invalid,INVLD,,,,,,,
Inventory,INVT,INVT,X,,,,,
Inventory Roll Forward,IRF,IRF,,X,X,,,
Inverse,INVER,,,,,,,
Inverte,INVRT,,,,,,,
Invest,INVST,INVST,,X,X,,The act of giving with an expectation of getting back much more.,
Invested,INVST,,,,,,,
Investigation,INVTG,,,,,,,
Investigations,INVTG,,,X,X,,Global Investigations Team,
Investigative,INVTG,,,,,,,
Investigator,INVTG,,,,,,,
Investment,INVST,,,,,,,
Investor,INVST,INVST,,X,X,,An individual or group that invests.,
Invitational,INVIT,,,,,,,
Invoice,INV,INV,X,,,,,
Invoiced,INV,INV,,X,,,,
Invoices,INVC,,,,,,,
Invoicing,INVC,,,,,,,
Iowa,IA,,,,,,,
Iron,IRON,,,,,,,
Ironwork,IRNWK,,,,,,,
Irrigation,IRGAT,,,,,,,
Island,ISL,,,,,,,
Islander,ISLR,,,,,,,
Islands,ISL,,,,,,,
Isolation,ISO,,,,,,,
Isotope,ISTP,,,,,,,
Issuance,ISSUN,,,,,,,
Issue,ISSUE,,,,,,,
Issued,ISSUD,,,,,,,
Issuer,ISSUR,,,,,,,
Issues,ISSUS,,,,,,,
ISSUING,ISSUG,,,,,,,
Italian,ITAL,,,,,,,
Item,ITEM,,,,,,,
Jailer,JLR,,,,,,,
Janitor,JANTR,,,,,,,
Janitorial,JANTR,,,,,,,
January,JAN,,,,,,,
Jcl,JCL,,,,,,,
Jeweler,JWLR,,,,,,,
Jewelry,JWLRY,,,,,,,
Jewish,JEW,,,,,,,
jewlery,JEWLERY,,,,,,,
Job,JOB,,,,,,,
Jobber,JOBR,,,,,,,
Jobs,JOB,,,,,,,
Joint,JNT,,,,,,,
Journal,JRNL,JRNL,,X,X,,Journal as in a log.,
Journalist,JRNLT,,,,,,,
Journey,JRNY,,,,,,,
Jubilee,JBL,,,,,,,
Judge,JDG,,,,,,,
Juice,JUICE,,,,,,,
Julian,JULIAN,,,,,,,
July,JUL,,,,,,,
Jumbo,JUMBO,,,,,,,
Junction,JCT,,,,,,,
Junctions,JCTS,,,,,,,
June,JUN,,,,,,,
Junior,JR,,,,,,,
Jurisdiction,JURIS,,,,,,,
Justice,JSTC,,,,,,,
Justification,JSTFN,,,,,,,
Justify,JSTF,,,,,,,
Juvenile,JVNL,,,,,,,
Kansas,KS,,,,,,,
Karate,KRT,,,,,,,
Kennel,KENL,,,,,,,
Kentucky,KY,,,,,,,
Kept,KEPT,,,,,,,
Key,KEY,,,X,X, ,"Key is similar to Identifier but should not be a classword.  Whether the Key is assigned by the source OLTP/operational systems or within the data warehousing environment during the ETL process,  use ID as classword.  E.g. CUST_SK_ID,  SALES_ORDER_KEY_ID",
Keyboard,KYBD,,,,,,,
keyed,KEY,,,,,,,
Keypoint,KYPT,,,,,,,
Keypunch,KYPCH,,,,,,,
Keypunched,KYPCH,,,,,,,
Keystone,KYSTN,,,,,,,
Keyword,KW,KW,,X,X, ,Use TXT as classword instead.  E.g. SRCH_KW_TXT,
Kickout,KKO,,,,,,,
Kid,KID,,,,,,,
Kiddie,KID,,,,,,,
Kilogram,KG,,,,,,,
Kiloliter,KL,,,,,,,
Kilometer,KM,,,,,,,
Kind,KIND,,,,,,,
Kindergarten,KGRTN,,,,,,,
Kingdom,KNGDM,,,,,,,
Kitchen,KIT,,,,,,,
Knight,KNGHT,,,,,,,
Knitted,KNTD,,,,,,,
Knitting,KNTG,,,,,,,
Kosher,KSHR,,,,,,,
Label,LBL,,,,,,,
Labor,LBR,,,,,,,
Laboratory,LAB,,,,,,,
Laborer,LBR,,,,,,,
Lacquer,LACQ,,,,,,,
Lading,LADG,,,,,,,
Laid,LAID,,,,,,,
Laminate,LMNT,,,,,,,
Laminating,LMNT,,,,,,,
Lance,LNC,,,,,,,
Land,LND,,,,,,,
Landfill,LNDFL,,,,,,,
Landmark,LDMRK,,,,,,,
Landscape,LDSCP,,,,,,,
Landscaping,LDSCP,,,,,,,
Language,LANG,LANG,,X,X,,Language used for communication.,
Lapse,LAPSE,,,,,,,
Lapsed,LAPSE,,,,,,,
Large,LG,LG,,X,X,,Large as in size.,
Laser,LZR,,,,,,,
Last,LAST,,,,,,,
Last Week,LW,LW,,X,X,,Previous calendar week,
Last year,LY,,,,,,,
Lasting,LSTG,,,,,,,
Late,LATE,,,,,,,
Latest,LAST,LAST,,X,X,,,
Lathing,LATHG,,,,,,,
Latitude,LAT,LAT,,X,X,,Latitude for a gepgraphic location,
Latter,LATR,,,,,,,
Launderer,LNDRR,,,,,,,
Laundromat,LNDRM,,,,,,,
Laundry,LNDRY,,,,,,,
Law,LAW,,,,,,,
Lawyer,LWYR,,,,,,,
Lay,LAY,,,,,,,
Layaway,LAYAWY,LAYAWY,,X,X,,Layaway system to purchase MDSE.,
Layer,LAYR,,,,,,,
Layout,LAYOT,,,,,,,
Lead,LD,,,,,,,
Leader,LDR,LDR,,X,X,,,
Leadership,LDR,LDR,,X,X,,Adjective of Leader.,
Leading,LDG,,,,,,,
League,LEAG,,,,,,,
Learn,LEARN,,,,,,,
Learning,LEARN,,,,,,,
Lease,LSE,,,,,,,
Leased,LSE,,,,,,,
Leasehold,LSEHD,,,,,,,
Leasing,LSEG,,,,,,,
Leather,LTHR,,,,,,,
Leave,LV,,,,,,,
Lecture,LECT,,,,,,,
Lecturer,LECTR,,,,,,,
Ledger,LDGR,,,,,,,
Left,LEFT,,,,,,,
Leftmost,LEFT,,,,,,,
Legal,LEG,,,,,,,
Legend,LEGND,,,,,,,
Legion,LGN,,,,,,,
Leisure,LSUR,,,,,,,
Lend,LEND,,,,,,,
Lender,LENDR,,,,,,,
Lending,LENDG,,,,,,,
Length,LEN,LEN,,X,X,,,
Lens,LENS,LENS,,X,X,,,
Less,LESS,,,,,,,
Lessee,LESSE,,,,,,,
Lessor,LESSR,,,,,,,
Letter,LTR,,,,,,,
Level,LVL,LVL,,X,X,,,
Levels,LVL,LVL,,X,X,,,
Lever,LVR,,,,,,,
Liability,LIAB,,,,,,,
Liaision,LIAS,,,,,,,
Liberty,LBRTY,,,,,,,
Librarian,LIBRN,,,,,,,
Library,LIBRY,,,,,,,
License,LIC,LIC,,X,X,,,
Licensed,LIC,,,,,,,
Licensing,LIC,LIC,,X,X,,,
Lieutenant,LT,,,,,,,
Life,LIFE,,,,,,,
Lift,LIFT,,,,,,,
Light,LT,,,,,,,
Lighter,LGHTR,,,,,,,
Lighting,LGHTG,,,,,,,
Limit,LIMIT,LIMIT,,X,X,,A threshold,
Limitation,LIMIT,,,,,,,
Limited,LTD,LTD,,X,X,,,
Limitless,LMTLS,,,,,,,
Limits,LMTS,,,,,,,
Limousine,LIMO,,,,,,,
Line,LINE,,,,,,,
Lineal,LINAL,,,,,,,
Linear,LINAR,,,,,,,
Linen,LIN,,,,,,,
Liner,LINER,,,,,,,
Lines,LINES,,,,,,,
Link,LINK,,,,,,,
Linked,LINKD,,,,,,,
Linoleum,LNLM,,,,,,,
Lion,LION,,,,,,,
Liquid,LQD,,,,,,,
Liquidated,LQDT,,,,,,,
liquidation,LQDTN,,,,,,,
Liquor,LQR,,,,,,,
List,LST,LST,,X,X,,A sequence of items or entries.,
Liter,LT,,,,,,,
Literal,LIT,,,,,,,
Literals,LIT,,,,,,,
Lithograph,LITHO,,,,,,,
Lithographer,LITHO,,,,,,,
Lithographic,LITHO,,,,,,,
Lithographing,LITHO,,,,,,,
Lithography,LITHO,,,,,,,
Lithology,LITHO,,,,,,,
Little,LTL,,,,,,,
Livery,LIVRY,,,,,,,
Livestock,LVSTK,,,,,,,
Living,LVNG,,,,,,,
Load,LOAD,,,,,,,
Loaded,LOAD,,,,,,,
Loader,LOADR,,,,,,,
Loading,LOADG,,,,,,,
Loadline,LDLN,,,,,,,
Loadsheet,LDSHT,,,,,,,
Loan,LOAN,,,,,,,
Loaned,LOAN,,,,,,,
Lobster,LBSTR,,,,,,,
Local,LCL,LOCAL,,X,X,,Locale specific,
Locale,LOCLE,,,,,,,
Locality,LOCLY,,,,,,,
Localized,LOCAL,LOCAL,,X,X,,Derivative of Local(e),
Location,LOC,LOCN,,X,X,,A physical location,
Locations,LOC,,,,,,,
Locator,LOC,LOC,,X,X,,,
Lock,LOCK,LOCK,,X,X,,To secure,
Lockbox,LCKBX,,,,,,,
Locker,LOCKR,LOCKR,,X,X,,A facility available for consumers to store their belongings securely. Also used for delivery etc.,
Locksmith,LCKSM,,,,,,,
Locomotive,LOCOM,,,,,,,
Lodge,LODGE,,,,,,,
Log,LOG,LOG,,X,X,,A chrolological entry of events such as a system log.,
Logging,LOG,,,,,,,
Logic,LOGC,,,,,,,
Logical,LOGICAL,LOGICAL,,X,X,,,
Logistic,LOGST,,,,,,,
Logistician,LOGTN,,,,,,,
Logistics,LGSTCS,LGSTCS,X,X,,,Logistics as a domain or qualifier.,
London,LONDN,,,,,,,
Long,LONG,LONG,,X,X,,Datatype,
Longitude,LONG,LONG,,X,X,,Longitude for a gepgraphic location,
Look,LOOK,,,,,,,
Lookup,LKP,LKP,,X,X,,,
Loop,LOOP,,,,,,,
Loss,LOSS,,,,,,,
Lost,LOST,,,,,,,
Lot,LOT,,,,,,,
Louisiana,LA,,,,,,,
Lounge,LOUNG,,,,,,,
Low,LOW,,,,,,,
Lower,LOW,,,,,,,
Lowest,LOW,LOW,,X,X,,,
Lowest Price Competitor,LPC,LPC,,X,X,,A competitor who has the lowest price for a given offer also available on Walmart.com,
Lube,LUBE,,,,,,,
Lubricant,LUBE,,,,,,,
Lubricants,LUBE,,,,,,,
Lubrication,LUBE,,,,,,,
Lucky,LCKY,,,,,,,
Luggage,LUG,,,,,,,
Lumber,LMBR,,,,,,,
Lump,LUMP,,,,,,,
Lutheran,LUTH,,,,,,,
Machine,MACH,,,,,,,
Machiner,MACHR,,,,,,,
Machinery,MACHY,,,,,,,
Machining,MACHG,,,,,,,
Machinist,MACHT,,,,,,,
Macro,MACRO,,,,,,,
Magazine,MAG,,,,,,,
Magic,MAGIC,,,,,,,
Magnetic,MGNTC,,,,,,,
Magneto,MGNTO,,,,,,,
Mail,MAIL,MAIL,,X,X,,,
Mailer,MAILR,,,,,,,
Mailing,MAIL,MAIL,,X,X,,Derivative form of the verb.,
Maine,ME,,,,,,,
Maintained,MAINT,,,,,,,
Maintenance,MAINT,,,,,,,
Majestic,MJSTC,,,,,,,
Major,MAJ,,,,,,,
Majority,MJRTY,,,,,,,
Make,MAKE,,,,,,,
Makeup,MAKUP,,,,,,,
Making,MAKG,,,,,,,
Male,MALE,,,,,,,
Man,MAN,,,,,,,
Manage,MGE,,,,,,,
Management,MGMT,,,,,,,
Manager,MGR,MGR,,X,X,,"Store manager, Dept. manager etc.",
Managerial,MGRL,,,,,,,
Managers,MGRS,,,,,,,
Managing,MGEG,,,,,,,
Mandatory,MNDTY,,,,,,,
Manhour,MNHR,,,,,,,
Manhours,MNHR,,,,,,,
Manifest,MNIFST,MNIFST,,X,X,,A list as in a software manifest or passenger manifest.,
Manipulator,MANIP,,,,,,,
Manmonth,MNMTH,,,,,,,
Manor,MANOR,,,,,,,
Manpower,MNPWR,,,,,,,
Manual,MANL,,,,,,,
Manufacture,MFG,,,,,,,
Manufacturer,MFR,MFR,,X,X,,,
Manufacturer Suggested Retail Price,MSRP,MSRP,,X,X,,,
Manufacturing,MFG,,,,,,,
Manugistics,MANU,MANU,X,X,,,Manugistics software for resource planning and supply-chain management,
Many,MANY,,,,,,,
Maple,MAPLE,,,,,,,
Mapping,MAP,,,,,,,
Marathon,MRTHN,,,,,,,
March,MAR,,,,,,,
Margin,MRGN,MRGN,,X,X,,an amount beyond what is actually needed.,
Marina,MARNA,,,,,,,
Marine,MARNE,,,,,,,
Marital,MRTL,MRTL,,X,X,,,
Maritime,MRTM,,,,,,,
Mark,MARK,,,,,,,
Markdown,MKDN,,,,,,,
Market,MARKET,MKT,,X,X,,,
Marketer,MKTR,,,,,,,
Marketing,MKTG,MKTG,X,X,,,Marketing as a domain or a derivative of the verb,
Marketplace,MP,MP,X,,,,,
Marking,MKG,,,,,,,
Markup,MKUP,,,,,,,
markup markdown,MUMD,,,,,,,
Markups,MKUP,,,,,,,
Marshall,MRSHL,,,,,,,
Maryland,MD,,,,,,,
Mask,MASK,,,,,,,
Mason,MSN,,,,,,,
Masonic,MSNC,,,,,,,
Masonry,MSNRY,,,,,,,
Massachusetts,MA,,,,,,,
Master,MASTER,MASTER,,X,X,,As in original or master source.,
Match,MATCH,MATCH,,X,X,,Compare,
Matching,MATCH,,,,,,,
Material,MATL,MATL,,X,X,,,
Materials,MTLS,,,,,,,
Maternity,MTRNY,,,,,,,
Matrix,MATRX,,,,,,,
Mattress,MATRS,,,,,,,
Mature,MATUR,,,,,,,
Matured,MATUR,,,,,,,
Maturity,MATUR,,,,,,,
Maximum,MAX,MAX,,X,,,,
Maximum Suggested Retail Price,MSRP,MSRP,,X,X,,,
May,MAY,,,,,,,
Mayor,MYR,,,,,,,
Meadow,MDWS,,,,,,,
Measure,MEAS,,,,,,,
Measured,MEAS,,,,,,,
Measurement,MEAS,,,,,,,
Mechanic,MECH,,,,,,,
Mechanical,MECHL,,,,,,,
Media,MEDIA,,,,,,,
Medical,MEDCL,,,,,,,
Medication,MEDTN,,,,,,,
Medicine,MEDCN,,,,,,,
Medispan,MDSPN,,,,,,,
Medium,MED,,,,,,,
Meet Beat,MB,MB,,X,X,,A metric used to measure if Walmart is meeting the market or beating it on pricing and shipping.,
Meeting,MTG,,,,,,,
Mellon,MELLN,,,,,,,
Member,MBR,MBR,,X,X,,,
Members,MBR,,,,,,,
Membership,MBRSHP,,,X,X,,,
Membrane,MBRNE,,,,,,,
Memo,MEMO,,,,,,,
Memorandum,MEMO,,,,,,,
Memorial,MEML,,,,,,,
Memory,MEM,,,,,,,
Men,MEN,,,,,,,
Mennonite,MENIT,,,,,,,
Mental,MENTL,,,,,,,
Menu,MENU,,,,,,,
Mercantile,MRCTL,,,,,,,
Merchandise,MDSE,,,,,,,
Merchandiser,MDSER,,,,,,,
Merchandising,MDSEG,,,,,,,
Merchandise Family Id,MDS_FAM_ID,,,,,,3/25/2020 added to resolve naming inconsistency issue,
Merchandize,MDSE,MDSE,,X,X,,Items that we sell to our customers.,
Merchant,BYR,BYR,X,,,,An individual in the WMT buyer organization.,
Mercury,MERC,,,,,,,
Merge,MERGE,,,,,,,
Merged,MERGD,,,,,,,
Meridian,MERDN,,,,,,,
Message,MSG,MSG,,X,,,,
Messages,MSG,MSG,,X,,,,
Metal,METL,,,,,,,
Metallizing,METLZ,,,,,,,
Metallurgical,METLG,,,,,,,
Metallurgist,METLG,,,,,,,
Metallurgy,METLG,,,,,,,
Metals,METLS,,,,,,,
Meter,METER,,,,,,,
Meterologist,MTRLG,,,,,,,
Method,MTHD,MTHD,,X,,,,
Methodist,METHT,,,,,,,
Metric,MTRC,MTRC,,X,X,,"A measured value.  Could also represent the ""metric"" scale of measurements.",
Metrics,MTRC,MTRC,,X,X,,"A group of measured values.  For example, bio metrics.",
Metro,METRO,,,,,,,
Metropolitan,METRO,,,,,,,
Metropolitan Statistical Area,MSA,MSA,,X,X,,"In the US, a geographical region with a relatively high population density at its core and close economic ties throughout the area.",
Mexican,MEX,,,,,,,
Michigan,MI,,,,,,,
Micor,MCR,,,,,,,
Microbiology,MCRBI,,,,,,,
Microcomputer,MCRCP,,,,,,,
Microfiche,MCRFH,,,,,,,
Microwave,MCRWV,,,,,,,
Middle,MID,,,,,,,
Midland,MDLND,,,,,,,
Midshipman,MDSMN,,,,,,,
Midtown,MDTWN,,,,,,,
Midway,MDWY,,,,,,,
Midwest,MDWST,,,,,,,
Midwestern,MDWTN,,,,,,,
Mile,MI,MILE,,X,X,,,
Mileage,MILE,MILE,,X,X,,A derivate form of MILE.,
Miles,MILE,MILE,,X,X,,A unit of measuring distance,
Milestone,MLSTN,,,,,,,
Milestones,MLSTN,,,,,,,
Military,MLTRY,,,,,,,
Milligram,MG,,,,,,,
Milliliter,ML,,,,,,,
Millimeter,MM,,,,,,,
Milling,MIL,,,,,,,
Millisecond,MSEC,,,,,,,
Millwork,MLWRK,,,,,,,
Mineral,MNRL,,,,,,,
Miniature,MINI,,,,,,,
Minimum,MIN,MIN,,X,X,,,
Minimum Advertised Price,MAP,MAP,,X,X,,Minimum Advertised Price is visible only after the item is added to the shopping cart.,
Mining,MINE,,,,,,,
Miniscule,MNSCL,,,,,,,
Minister,MNSTR,,,,,,,
Ministry,MNSTY,,,,,,,
Minnesota,MN,,,,,,,
Minor,MINOR,,,,,,,
Minority,MINRT,,,,,,,
Minus,MINUS,,,,,,,
Minute,MIN,,,,,,,
Minutes,MIN,,,,,,,
Mirror,MIR,,,,,,,
Miscellaneous,MISC,MISC,,X,X,,Objects of various types or different sources,
Mismatch,MSMTCH,MSMTCH,,X,,,,
Missile,MISLE,,,,,,,
Missing,MISG,,,,,,,
Mission,MSSN,,,,,,,
Missionary,MSSNY,,,,,,,
Mississippi,MS,,,,,,,
Missouri,MO,,,,,,,
Mister,MR,,,,,,,
Mixed,MIXD,,,,,,,
Mixing,MIX,,,,,,,
Mobile,MBL,,,,,,,
Moccasin,MOC,,,,,,,
Mode,MODE,,,,,,,
Model,MODL,MODL,,X,X,,A precast object,
Modern,MODRN,,,,,,,
Modifiable,MODIF,,,,,,,
Modification,MODFD,MODFD,,X,X,,Derivatie form of modify,
Modified,MODFD,MODFD,,X,X,,,
Modular,MODLR,,,,,,,
Module,MODL,MODL,,X,X,,A precast object,
Molded,MLD,,,,,,,
Molding,MLDG,,,,,,,
Molecular,MOLEC,,,,,,,
Monastery,MNAST,,,,,,,
Monday,MON,,,,,,,
Monetary,MNY,,,,,,,
Money,MNY,,,,,,,
Monitoring,MONTR,,,,,,,
Monogram,MNGRM,,,,,,,
Montana,MT,,,,,,,
Month,MTH,,,,,,,
Month To Date,MTD,MTD,,X,X,,Units measured for the current month till date,
Monthly,MTHLY,MTHLY,,X,X,,Measure by month/ per month.,
Months,MTH,,,,,,,
Monument,MNUMT,,,,,,,
Moose,MOOSE,,,,,,,
Mortgage,MORTG,MORTG,,X,X,,,
Mosaic,MOSC,,,,,,,
Most,MOST,,,,,,,
Motel,MOTEL,,,,,,,
Mother,MTHR,,,,,,,
Motion,MOTN,,,,,,,
Motor,MTR,,,,,,,
Motorcycle,MCYCL,,,,,,,
Moulding,MLDG,,,,,,,
Mount,MT,,,,,,,
Mountain,MTN,,,,,,,
Move,MOVE,MOVE,,X,X,,,
Moved,MVD,,,,,,,
Movement,MVMT,MVMT,,X,X,,Movement from one point to another,
Mover,MVR,,,,,,,
Movie,MOVIE,,,,,,,
Moving,MVG,,,,,,,
Mower,MWR,,,,,,,
Muffler,MUFLR,,,,,,,
Multiple,MULT,MULT,,X,X,,,
Multiplex,MPLEX,,,,,,,
Municipal,MNCPL,,,,,,,
Municipality,MNCPL,,,,,,,
Museum,MUS,,,,,,,
Music,MUSIC,MUSIC,,X,X,,Music as in a pleasant sound as opposed to noise :),
Musical,MUSIC,,,,,,,
Mutual,MUTL,,,,,,,
Mystic,MYSTC,,,,,,,
Name,NM,NM,,,,X,A word or phrase that constitutes the distinctive designation of a person or thing.,
Narrative,NARR,,,,,,,
Nation,NAT,,,,,,,
National,NATL,NATL,,X,X,,,
Nationality,NATL,,,X,X,,,
Nationwide,NATWD,,,,,,,
Native,NATV,,,,,,,
Natural,NATRL,,,,,,,
Naturally,NATRL,,,,,,,
Nautical,NTCL,,,,,,,
Naval,NVL,,,,,,,
Navigation,NAV,NAV,,X,X,,,
Nazarene,NAZ,,,,,,,
Nebraska,NE,,,,,,,
Necessity,NEC,,,,,,,
Need,NEED,,,,,,,
Negative,NEG,NEG,,X,X,,,
Negotiate,NEGOT,NEGOT,,X,X,,,
Negotiation,NEGOT,NEGOT,,X,X,,,
Neighbor,NBR,NBR,,X,X,,Adjacent entity in the same community of objects,
Neighborhood,NBH,NBH,,X,X,,The area surrounding an entity where is neighbors exist.,
Neighborhood Market,NHM,NHM,,X,X,,,
Net Promoter Score,NPS,NPS,,X,X,,Measurement of loyalty of customers,
Network,NET,NET,,X,X,,"Network as in computer engineering, communication networks etc.",
Networking,NET,,,,,,,
Neurobiology,NROBI,,,,,,,
Neurologist,NROLG,,,,,,,
Neurology,NROGY,,,,,,,
Nevada,NV,,,,,,,
New,NEW,,,,,,,
Newspaper,NWPPR,,,,,,,
Next,NXT,,,,,,,
Nineth,9TH,,,,,,,
no,NO,,,,,,,
Node,NODE,,,,,,,
Non,NON,,,,,,,
Non Exempted,NEXMPT,,,X,X,,,
Noncommissioned,NC,,,,,,,
Nonferrous,NFER,,,,,,,
Nontaxable,NTAXB,,,,,,,
Normal,NORM,,,,,,,
Normalization,NORM,,,,,,,
Normalized,NORM,,,,,,,
North,N,,,,,,,
Northern,NTHRN,,,,,,,
Northside,NSIDE,,,,,,,
Northwestern,NWTN,,,,,,,
Not,NOT,,,,,,,
Note,NOTE,NOTE,,,,,,
Notes,NOTE,NOTES,,X,X,,Notes,
Notice,NOTCE,,,,,,,
Notification,NOTIF,NOTE,,X,X,,Noun for the verb notify,
Notify,NOTIF,NOTIF,,X,X,,The process of sending a message to inform someone or some System.,
Notion,NOTN,,,,,,,
Noun,NOUN,,,,,,,
Nouns,NOUNS,,,,,,,
Novelty,NOVLT,,,,,,,
November,NOV,,,,,,,
Nuclear,NUC,,,,,,,
Nucleus,NUCLS,,,,,,,
Null,NULL,,,,,,,
Number,NBR,NUM,,,,X,A numeric value for identifying any object.  ,
Numbers,NBR,,,,,,,
Numeric,NUM,,,,,,,
Numerator,NUMR,,,X,X,,,
Nurse,NRSE,,,,,,,
Nursery,NRSY,,,,,,,
Nursing,NRSE,,,,,,,
Object,OBJ,,,,,,,
Objective,OBJ,,,,,,,
Obligated,OBLGT,,,,,,,
Observatory,OBSRY,,,,,,,
Observe,OBSRV,OBSRV,,X,,,,
Observed,OBSRV,,,,,,,
Occasion,OCCSN,OCCSN,,X,X,,"Occassion is a child of a registry of events.  For example, a wish list",
Occupation,OCC,OCC,,X,X,,An individual's profession,
Occupational,OCCUP,,,,,,,
Occur,OCCUR,,,,,,,
Occurance,OCCUR,,,,,,,
Occurence,OCCUR,,,,,,,
Occurs,OCCUR,,,,,,,
Ocean,OCN,,,,,,,
Octane,OCTAN,,,,,,,
October,OCT,,,,,,,
Odor,ODOR,,,,,,,
Off,OFF,,,,,,,
Offer,OFFR,OFFR,,X,X,,,
Office,OFC,,,,,,,
Officer,OFCR,,,,,,,
Official,OFCL,,,,,,,
Offline,OFFLN,,,,,,,
Offset,OFFSET,,,,,,,
Ohio,OH,,,,,,,
Oil,OIL,,,,,,,
Oklahoma,OK,,,,,,,
Old,OLD,,,,,,,
Omit,OMIT,,,,,,,
Omniture,OMNITR,OMNITR,,X,X,,An Adobe product for tracking web data,
On,ON,,,,,,,
On Hand,ON_HAND,OH,,X,X,,,
Oncologist,ONCOL,,,,,,,
One,ONE,,,,,,,
Ongoing,ONGO,,,X,X,,,
Online,ONLN,,,,,,,
Open,OPEN,,,,,,,
Opened,OPEN,,,,,,,
Opening,OPEN,,,,,,,
Operate,OP,OP,,X,,,,
Operated,OP,,,,,,,
Operating,OP,,,,,,,
Operating System,OS,OS,,X,X,,Computer software,
Operation,OP,OP,,X,X,,Derivative form of operation.,
Operational,OP,OP,,X,X,,,
Operations,OPS,,,,,,,
Operative,OPTV,,,,,,,
Operator,OPRTR,,,,,,,
Opportunity,OPTUN,,,,,,,
Optical,OPTC,,,,,,,
Optician,OPTCN,,,,,,,
Optimization,OPT,OPT,,X,X,,The process of optimizing,
Optimize,OPT,OPT,,X,X,,Make better,
Optimizing,OPT,OPT,,X,X,,Transitive form of the verb,
Option,OPT,OPT,,X,X,,,
Optional,OPT,OPT,,X,X,,,
Options,OPT,,,,,,,
Optometrist,OPTOM,,,,,,,
Orange,ORNG,,,,,,,
Order,ORDER,ORDER,,X,X,,,
Order Trackable,ORDTRK,ORDTRK,X,X,X,,,3/19/2018
Orderable,ORDERBL,ORDERBL,,X,X,,,3/19/2018
Ordered,ORDER,ORDER,,X,X,,,
Ordering,ORDG,,,,,,,
Orders,ORDS,,,,,,,
Ordinary,ORDNY,,,,,,,
Ordnance,ORDNC,,,,,,,
Oregon,OR,,,,,,,
Organic Search,OSRH,OSRH,,X,X,,A search method of search engine based on relevance of the input string.,3/19/2018
Organization,ORG,ORG,X,,,,,
Organizational,ORG,,,,,,,
Orhcard,ORCH,,,,,,,
Orhestrator,ORCHSTRT,,,,,,,
Oriental,ORNTL,,,,,,,
Origin,ORIGN,,,,,,,
Original,ORIG,ORIG,,X,,,,
Originated,ORIG,,,,,,,
Originating,ORIG,,,,,,,
Originator,ORIG,,,,,,,
Ornamental,ORNML,,,,,,,
Orthopedic,ORTHO,,,,,,,
Osteopath,OSTPH,,,,,,,
Osteopathic,OSTPH,,,,,,,
Other,OTHR,OTHR,,X,,,,
Otology,OTO,,,,,,,
Ounce,OZ,,,,,,,
Our,OUR,,,,,,,
Out,OUT,,,,,,,
Out Of Stock,OOS,OOS,,X,X,,Inventory terminology,
Outage,OUT,,,,,,,
Outbound,OUTBOUND,OUTBOUND,,X,,,,
Outcome,OUTCM,,,,,,,
Outdoor,OUTDR,,,,,,,
Outlet,OUTLT,,,,,,,
Output,OUTPT,,,,,,,
Outside,OUTSD,,,,,,,
Outstanding,OSTND,,,,,,,
Over,OVER,,,,,,,
Overage,OVER,,,,,,,
Overall,OVRL,OVRL,,X,X,,Overall as in life-time,
Overdraft,OVDFT,,,,,,,
Overdraw,OVDRW,,,,,,,
Overflow,OVFLO,,,,,,,
Overhead,OVHD,,,,,,,
Overlay,OVLAY,,,,,,,
Overnight,OVNIT,,,,,,,
Overridden,OVRD,OVRD,,X,,,,
Override,OVRD,OVRD,,X,,,,
Overrun,OVRUN,,,,,,,
Overseas,OVSEA,,,,,,,
Oversight,OSGHT,,,,,,,
Overtime,OT,,,,,,,
Own,OWN,,,,,,,
Owned,OWN,,,,,,,
Owner,OWNR,,,,,,,
Ownership,OWNRSHP,OWNRSHP,,X,X,,,
Oxygen,O,,,,,,,
Pacific,PAC,,,,,,,
Pack,PK,,,,,,,
Package,PKG,PKG,,X,,,One or more items associated with one shipment,
Packaging,PK,,,,,,,
Packed,PK,,,,,,,
Packer,PK,,,,,,,
Packing,PK,,,,,,,
Pad,PAD,,,,,,,
Padding,PAD,,,,,,,
Page,PAGE,PAGE,,X,X, ,Page of a book or a website etc.  Use TXT as classword instead. E.g. PAGE_URL_TEXT.,
Pager,PAGE,PAGE,,X,X,,Noun of the verb PAGE.,
Pagination,PAGE,PAGE,,X,X,,Verb,
Paging,PAGE,PAGE,,X,X,,Verb,
Paid,PD,,,,,,,
Paint,PAINT,,,,,,,
Painter,PAINT,,,,,,,
Painting,PAINT,,,,,,,
Pair,PR,,,,,,,
Pallet,PALLET,PALLET,,X,X,,Pallet as in supply chain industry,
Pancake,PNCK,,,,,,,
Panel,PANEL,,,,,,,
Pangaea,PG,PG,,X,,,,
Pantry,PNTRY,,,,,,,
Paper,PAPER,,,,,,,
Paperboard,PPRBD,,,,,,,
Paraffin,PRAFN,,,,,,,
Parallel,PARLL,,,,,,,
Parameter,PARM,PARAM,,X,X,,,
Parasites,PRSTS,,,,,,,
Parcel,PARCL,,,,,,,
Parent,PARNT,,,,,,,
Parenthesis,PAREN,,,,,,,
Parish,PARSH,,,,,,,
Parking,PARKG,,,,,,,
Parkway,PKWY,,,,,,,
Part,PART,,,,,,,
Partial,PARTL,,,,,,,
Participant,PRTIC,,,,,,,
Participation,PARTN,,,,,,,
Particleboard,PTLBD,,,,,,,
Partner,PRTNR,PRTNR,,X,X,,Partner as in a business partner,
Partnership,PRTNR,,,,,,,
Party,PARTY,,,,,,,
Pass,PASS,,,,,,,
Passed,PASSD,,,,,,,
Passenger,PSNGR,,,,,,,
Password,PASSWD,PASSWD,,X,X,,Credential to access a secure resource.,
Past,PAST,,,,,,,
Pastor,PASTR,,,,,,,
Patch,PTCH,,,,,,,
Patent,PATNT,,,,,,,
Pathologist,PTHLG,,,,,,,
Patient,PTNT,,,,,,,
Patio,PATIO,,,,,,,
Pattern,PTRN,,,,,,,
Patterns,PTNS,,,,,,,
Paving,PAVNG,,,,,,,
Pawnbroker,PNBKR,,,,,,,
Pay,PAY,,,,,,,
Payable,PYBL,,,,,,,
Payee,PYEE,,,,,,,
Payer,PAYER,,,,,,,
Paying,PAYNG,,,,,,,
Payment,PYMT,PYMT,,,X,,Payment for the transactions,
Payments,PYMTS,,,,,,,
Payroll,PYRL,,,,,,,
Peak,PEAK,,,,,,,
Peck,PECK,,,,,,,
Pen,PEN,,,,,,,
Penalty,PNLTY,,,,,,,
Pend,PEND,,,,,,,
Pending,PENDG,,,,,,,
Penetration,PNTRTN,,,,,,,
Penney,PNY,,,,,,,
Pension,PENSN,,,,,,,
Penultimate,PNULT,PNULT,,X,X,,Second last in a sequence.,
People,PPL,PPL,,X,X,,,
Per,PER,,,,,,,
Perceive,PERCV,PERCV,,X,X,,E.G. Perceived Time ,
Perceived,PERCV,PERCV,,X,X,,E.G. Perceived Time ,
Percentage,PCT,PCT,,,,X,A part of the whole stated in hundreds.,
Percentile,PCTL,,,X,X,,,
Perdiem,PRDM,,,,,,,
Perfect,PRFCT,,,,,,,
Perforate,PERF,,,,,,,
Perforation,PERFN,,,,,,,
Perform,PERFM,,,,,,,
Performance,PERFM,,,,,,,
Periodic,PRDIC,,,,,,,
Periodical,PERI,,,,,,,
Peripheral,PERIF,,,,,,,
Permanent,PERM,,,,,,,
Permit,PRMIT,,,,,,,
Person,PERSN,,,,,,,
Personal,PRSNL,,,,,,,
Personalization,PERS,PERS,,X,X,,The act of making it customized for a given individual,
Personnel,PRSNL,,,,,,,
Pesticide,PSTCD,,,,,,,
Petroleum,PETRO,,,,,,,
Pharmacist,PHRMT,,,,,,,
Pharmacy,PHARM,PHARM,X,X,,,Pharmacy as a subject area. It can also be used in conjunction with a transaction such as customer's pharmacy-id.,
Phase,PHASE,,,,,,,
Phased,PHASD,,,,,,,
Phasing,PHASG,,,,,,,
Phone,PH,,,,,,,
Phonograph,PHONO,,,,,,,
Phosphorus,PHOS,,,,,,,
Photograph,PHOTO,,,,,,,
Photographer,PHOTR,,,,,,,
Photography,PHOTO,,,,,,,
Physical,PHYSL,,,,,,,
Physician,PHYS,,,,,,,
Physicist,PHYST,,,,,,,
Piano,PIANO,,,,,,,
Pick In Person,PIP,PIP,,X,X,,,
Pick Up Today,PUT,PUT,,X,X,,,
Pickable,PICK,PICK,,X,,,,
Pickinperson,PIP,PIP,,X,X,,,
Pickup,PCKUP,,,,,,,
Pickuptoday,PUT,PUT,,X,X,,,
Picture,PIC,,,,,,,
Piece,PIECE,,,,,,,
Pint,PT,,,,,,,
Pipe,PIPE,,,,,,,
Pipeline,PIPLN,,,,,,,
Piping,PIPNG,,,,,,,
Pizza,PIZZA,,,,,,,
Pizzeria,PZA,,,,,,,
Place,PLACE,,,,,,,
Placed,PLCD,,,,,,,
Placement,PLCMNT,PLCMNT,,X,X,,The placement for ads or creatives in a campaign,
Plain,PLAIN,,,,,,,
Plan,PLAN,,,,,,,
Planned,PLAND,,,,,,,
Planner,PLNR,,,,,,,
Planning,PLANG,,,,,,,
Plant,PLANT,,,,,,,
Plastic,PLSTC,,,,,,,
Plates,PLTS,,,,,,,
Platform,PLTF,PLTF,,X,X,,The stage on which something is built in Technology.,
Plating,PLTG,,,,,,,
Plazza,PLZA,,,,,,,
Pledge,PLDGE,,,,,,,
Pledged,PLDGD,,,,,,,
Plot,PLOT,,,,,,,
Plug,PLUG,,,,,,,
Plugged,PLUGD,,,,,,,
Plumber,PLMBR,,,,,,,
Plumbing,PLMBG,,,,,,,
Plus,PLUS,,,,,,,
Plywood,PLYWD,,,,,,,
Podiatrist,PODIA,,,,,,,
Point,PNT,,,,,,,
Point of Sale,POS,POS,,X,X,,The origin location where a sale transaction is captured e.g. at superstore checkout counter,
Pointer,PTR,,,,,,,
Pointers,PNTRS,,,,,,,
Points,PNTS,,,,,,,
Police,POLCE,,,,,,,
Policy,PLCY,,,,,,,
Polishing,POLSH,,,,,,,
Political,PLTCL,,,,,,,
Poll,POLL,,,,,,,
Pollution,POLTN,,,,,,,
Pool,POOL,,,,,,,
Pooling,POOLG,,,,,,,
Pop,POP,,,,,,,
Port,PORT,,,,,,,
Porter,PORTR,,,,,,,
Portfolio,PORTF,,,,,,,
Portion,PORTN,,,,,,,
Position,POSTN,,,,,,,
Positioning,PSTNG,,,,,,,
Positive,POS,POS,,X,X,,,
Post,POST,,,,,,,
Postal,POSTAL,POSTAL,,X,X,,Normally used with address postal codes.,
Postcard,PSTCD,,,,,,,
Posted,POSTD,,,,,,,
Posting,POSTG,,,,,,,
Postmaster,PSTMR,,,,,,,
Postpaid,PPD,PPD,,X,X,,Post paid form of payment,
Postpone,PSTPN,,,,,,,
Potent,POTNT,,,,,,,
Potential,POTNL,,,,,,,
Potentially Improperly Packaged Product,PIPP,PIPP,,X,X,,Usually found only with returns and implies items that require additional research.  It is a temp status (max 48 bus. hrs.) before the item is assigned to a pallet. Very rare for online orders.,
Pottery,POTRY,,,,,,,
Poultry,PLTRY,,,,,,,
Pound,LB,,,,,,,
Power,PWR,,,,,,,
Practical,PRACL,,,,,,,
Practice,PRAC,,,,,,,
Practitioner,PRACR,,,,,,,
Prairie,PRARE,,,,,,,
precipitation,PRECIP,,,,,,,
Precise,PRECISE,PRECISE,,X,X,,,
Predict,PRDCT,,,X,X,,,
Predicted,PRDCT,,,X,X,,,
Predominance,PREDM,,,,,,,
Prefabricated,PFAB,,,,,,,
Prefer,PREF,,,,,,,
Preference,PREF,PREF,,X,X,,"A preference attribute.  For example, opt-in preference for a customer.",
Preferred,PREF,PREF,,X,X,,,
Prefix,PREFX,,,,,,,
Prefixed,PFXD,,,,,,,
Preliminary,PRELM,,,,,,,
Premier,PREMR,,,,,,,
Premium,PREM,,,,,,,
Prepaid,PRPD,PPD,,X,X,,Pre paid form of payment.  For ex. Pre-paid shipping label,
Preparation,PREPN,,,,,,,
Prepare,PRED,,,,,,,
Prepared,PREPD,,,,,,,
Preparer,PREPR,,,,,,,
prescan,PRESCAN,,,,,,,
Preschool,PSCHL,,,,,,,
Prescription,RX,RX,,X,X,,"Pharmacy prescription drugs, opticals etc.",
Present,PRES,PRES,,X,X,,Current,
Presentation,PRESN,,,,,,,
Preserving,PRSVG,,,,,,,
President,PRES,,,,,,,
Press,PRESS,,,,,,,
Pressing,PRESG,,,,,,,
Pressure,PRSUR,,,,,,,
Prestige,PRSTG,,,,,,,
Prevention,PRVNT,,,,,,,
Previous,PREV,PREV,,X,X,,Previous,
Price,PRICE,PRICE,,X,X,,Price for MDSE.,
Price Per Unit,PPU,PPU,,X,X,,,
Priceperunit,PPU,PPU,,X,X,,,
Pricing,PRCG,PRCG,,X,X,,Changed from PRICE to PRCG (per Jira DTGDAPISP-461),
Pride,PRIDE,,,,,,,
Priest,PRST,,,,,,,
Primary,PRMRY,PRI,,X,X,,,
Prime,PRIME,,,,,,,
Principal,PRIN,,,,,,,
Principle,PRIN,,,,,,,
Print,PRT,,,,,,,
Printed,PRTD,,,,,,,
Printer,PRTR,,,,,,,
Printing,PRTG,,,,,,,
Prior,PRIOR,,,,,,,
Priority,PRIORITY,PRIORITY,,X,X,,,
Prioritization,PRIORITY,PRIORITY,,X,X,,,
Prioritized,PRIORITY,PRIORITY,,X,X,,,
Private,PVT,,,,,,,
Problem,PRBLM,,,,,,,
Procedure,PROC,,,,,,,
Proceeds,PRCDS,,,,,,,
Process,PRCSS,PRCSS,,X,,,,
Processed,PRCSS,PRCSS,,X,X,,Derivative of the verb.,
Processing,PRCSS,PRCSS,,X,X,,,
Processor,PRCSR,,,,,,,
Procure,PROC,PROC,,X,,,,
Procured,PROC,PROC,,X,,,Procure action.,
Procurement,PRCUR,,,,,,,
Produce,PRDC,,,,,,,
Producer,PRDCR,,,,,,,
Product,PROD,PROD,X,,,,,
Production,PRDTN,,,,,,,
Productivity,PRODV,,,,,,,
Products,PROD,,,,,,,
Professional,PRO,,,,,,,
Professor,PROF,,,,,,,
Profile,PROFL,,,,,,,
Profit,PROFIT,PROFIT,,X,X,,profits or revenue,
Program,PGM,,,,,,,
Programmer,PGMR,,,,,,,
Programming,PGMG,,,,,,,
Progress,PRGRSS,PRGRSS,,X,X,,Progress - the verb indicating forward movement.,
Progressed,PRGRSS,PRGRSS,,X,X,,Derivative of progress,
Progressive,PGRSV,,,,,,,
Project,PROJ,PROJ,,X,X,,,
Projected,PROJ,PROJ,,X,X,,,
Projects,PROJS,,,,,,,
Promise,PROM,,,,,,,
Promised,PROMD,,,,,,,
Promotability,PROMO,,,,,,,
Promotable,PROMO,,,,,,,
Promotion,PROMO,PROMO,X,X,X,,Marketing promotion - an event.,
Promotional,PROMO,,,,,,,
Prompt,PRMPT,,,,,,,
Proof,PROOF,,,,,,,
Propane,PRPAN,,,,,,,
Propensity,PRPNST,,,,,,,
Properties,PROPS,,,,,,,
Property,PROP,,,,,,,
Proprietary,PPTRY,,,,,,,
Prorated,PRORT,,,,,,,
Prospect,PROSP,,,,,,,
Protect,PROTC,,,,,,,
Protection,PROTN,,,,,,,
Protective,PROTV,,,,,,,
Protein,PROTN,,,,,,,
prototype,PROTO,,,,,,,
Provide,PRVD,PRVD,,X,X,,To supply.,
Providence,PVDNC,,,,,,,
Provider,PRVDR,PRVD,,X,X,,Derivation of the verb.,
Province,PROV,PRVNCE,,X,X,,,
Provision,PRVSN,,,,,,,
Psychiatric,PSYCH,,,,,,,
Psychiatrist,PSYCH,,,,,,,
Psychiatry,PSYCH,,,,,,,
Psychological,PSYCH,,,,,,,
Psychologist,PSYCH,,,,,,,
Psychology,PSYCH,,,,,,,
Public,PUBLIC,,,,,,,
Publication,PUB,,,,,,,
Publish,PUB,PUB,,X,X,,,
Published,PUB,PUB,,X,X,,,
Publisher,PUB,PUB,,X,X,,The entity publishing information.,
Publishing,PUBLH,,,,,,,
Pull,PULL,,,,,,,
Pulmonary,PULMN,,,,,,,
Pulse,PULSE,,,,,,,
Pump,PUMP,,,,,,,
Pumping,PMPG,,,,,,,
Punch,PUNCH,,,,,,,
Punched,PNCHD,,,,,,,
Punching,PNCHG,,,,,,,
Purchase,PRCH,PURCH,,X,X,,The verb.,
Purchase Order,PO,PO,X,,,,,
Purchase Requisition,PR,PR,X,,,,PR subject area,
Purchased,PRCHD,PURCH,,X,X,,The verb.,
Purchaser,PRCHR,,,,,,,
Purchases,PRCHS,,,,,,,
Purchasing,PRCHD,,,X,X,,The transitive form of purchase.,
Purge,PURGE,,,,,,,
Purpose,PURP,PURP,,X,,,,
Pyramid,PYRMD,,,,,,,
Quadrangle,QUAD,,,,,,,
Qualification,QLFN,,,,,,,
Qualified,QUAL,QUAL,,X,X,,Derivative of the verb qualify,
Qualifier,QUAL,QUAL,,X,X,,Derivative of the verb qualify,
Qualify,QUAL,QUAL,,X,X,,Eligible for,
Qualifying,QUAL,QUAL,,X,X,,Derivative of the verb qualify,
Quality,QLTY,,,,,,,
Quality Assurance,QA,QA,X,X,X,,A process to ensure the quality of deliverables.,
Quantities,QTYS,,,,,,,
Quantity,QTY,QTY,,,,X,"Count,  accumulation or aggregate of a number of things (such as Product Item, Inch, Pound, Hour etc).  Examples : ITEM_QTY,  ITEM_LEN_IN_QTY, SETUP_DAY_QTY etc",
Quarry,QUARY,,,,,,,
Quart,QT,,,,,,,
Quarter,QTR,QTR,,X,X,,Abbreviation for a calendar quarter,
Quarterly,QTRLY,,,,,,,
Quarter-To-Date,QTD,QTD,,,X,,Units measured for the current quarter till date,
Query,QRY,QRY,,X,X,,A search query for example.,
Question,QSTN,QSTN,,X,X,,Survey question for example.,
Questionable,QSTNB,,,,,,,
Queue,QUE,,,,,,,
Quick,QCK,,,,,,,
Quota,QUOTA,,,,,,,
Quotation,QTEN,,,,,,,
Quote,QTE,,,,,,,
Rack,RACK,,,,,,,
Radiator,RADTR,,,,,,,
Radio,RADIO,,,,,,,
Rail,RAIL,,,,,,,
Railroad,RR,,,,,,,
Railroads,RR,,,,,,,
Railway,RLWY,,,,,,,
Ranch,RNCH,,,,,,,
Random,RANDM,,,,,,,
Range,RNG,RNG,,X,X,,Range with a lower and upper bound,
Rank,RANK,RANK,,X,X,,Do not use by itself; This is a Teradata reserved word,
Rank_By_Order,RBO,RBO,,X,X,,,3/19/2018
Rank_By_Visit,RBV,RBV,,X,X,,,3/19/2018
Ranked,RANKED,RANKED,,X,X,,Derivative of the verb.,
Ranking,RANKING,RANKING,,X,X,,Derivative of RANK,
Rapid,RAPID,,,,,,,
Rate,RATE,RATE,,,X,,A ratio or proportion that is derived from or applied to another number.,
Rates,RATES,,,,,,,
Rating,RATG,,,,,,,
Ratings,RATGS,,,,,,,
Ratio,RATIO,,,,,,,
Raw,RAW,,,,,,,
Reactivate,REACTV,,,,,,,
Reactivated,REACTV,,,,,,,
Reactivation,REACTV,,,,,,,
Reactive,REACTV,,,,,,,
Reactivity,REACTV,,,,,,,
Read,READ,,,,,,,
Readable,RDBL,,,,,,,
Reading,READG,,,,,,,
Reads,READS,,,,,,,
Ready,RDY,,,,,,,
Real,REAL,,,,,,,
Real Estate,RE,RE,X,X,X,,It is a new subject area that consists of real estate details. ,
Realignment,REALIGN,,,,,,,
Realized,RELZD,,,,,,,
Realtor,RLTR,,,,,,,
Realty,RLTY,,,,,,,
Reason,RSN,RSN,,X,,,,
Reasonable,RSN,RSN,,X,X,,,
Reassigned,REASSGND,REASSGND,,X,,,,
Rebate,REBATE,RBT,,X,X,,,
Rebuild,REBLD,,,,,,,
Rebuilder,RBLDR,,,,,,,
Rebuilt,REBLT,,,,,,,
Recap,RECAP,,,,,,,
Receipt,RCPT,RCPT,,X,,,,
Receivable,RCVBL,,,,,,,
Receive,RCV,,,,,,,
Received,RCV,RCV,,X,,,,
Receiver,RCVR,,,,,,,
Receiving,RCV,RCV,,X,,,Derivative of the verb,
Recent,RECENT,RECENT,,X,X,,,
Recepient,RCPNT,RCPNT,,,X,,Receipient of some thing or associated with a recepient.,
Recency Frequency Monetary,RFM,RFM,,X,X,,RFM Score,
Recertification,RECRT,,,,,,,
Recharge,RCHRG,RCHRG,,X,X,,"Recharge as in restoring capacity (monetary, energy etc.).",
Reciepts,RECPT,,,,,,,
Recipient,RECIP,,,,,,,
Recipients,RCPTS,,,,,,,
Reciprocal,RCPRC,,,,,,,
Reclassification,RECLS,,,,,,,
Recommend,RECOMD,,,,,,,
Recommended,RECOMD,,,,,,,
Recommendation,RECOMD,,,,,,,
Recompletion,RECPL,,,,,,,
Reconcile,RECL,RECL,,X,X,,The verb.,
Reconciliation,RECON,RECON,,X,X,,Derivation of the verb.,
Reconstructive,RCNST,,,,,,,
Record,REC,REC,,X,,,,
Recorded,RECD,,,,,,,
Recording,RECDG,,,,,,,
Records,RECS,,,,,,,
Recoupment,RCOUP,,,,,,,
Recover,RCOVR,,,,,,,
Recovered,RCVRD,,,,,,,
Recovery,RECVRY,RECVRY,,X,X,,,
Recreation,REC,,,,,,,
Recreational,RECL,,,,,,,
Recruiter,RCRTR,,,,,,,
Recruiting,RCRTG,,,,,,,
Recycle,RECYL,,,,,,,
Recycling,RCYLG,,,,,,,
Redeem,REDM,REDM,,X,X,,Redeem the verb,
Redeemable,REDM,REDM,,X,X,,Derivative of Redeem,
Redeemed,REDM,REDM,,X,X,,Derivative of Redeem,
Redefine,REDF,,,,,,,
Redefined,REDFD,,,,,,,
Redefines,REDFS,,,,,,,
Redefinition,RDFTN,,,,,,,
Redemption,RDMPT,,,,,,,
Redirect,RDR,RDR,,X,X,,Send to another destination,
Redistributed,RDIST,,,,,,,
Reduce,REDUC,,,,,,,
Reduced,REDUCD,,,,,,,
Reduction,RDCTN,,,,,,,
Reel,REEL,,,,,,,
ReEntry,REENTRY,,,,,,,
Refer,REFER,,,,,,,
Referal,REFRL,,,,,,,
Referee,REFEREE,REFEREE,,X,X,,The person referred by another person e.g. A friend referred by a customer to place an order,
Reference,REF,REF,,,X,,,
Referrer,REF,REF,,X,X,,The noun form of refer.,
Refine,REFN,REFN,,X,X,,,
Refined,REFND,,,,,,,
Refinery,RFNRY,,,,,,,
Refining,REFNG,,,,,,,
Reflect,REFLC,,,,,,,
Reflection,REFLC,,,,,,,
Reflector,REFL,REFL,,X,X,,Reflector,
Refractory,REFR,,,,,,,
Refrigerated,RFRGD,,,,,,,
Refrigeration,RFRGN,,,,,,,
Refrigerator,RFRG,,,,,,,
Refund,RFND,RFND,,X,X,,Refunds as in transactions,
Refundable,RFND,RFND,,X,X,,Derivative of the verb.,
Region,REGION,REGN,,X,X,,A demarcated area or a geographic region,
Regional,REGNL,,,,,,,
Regional Distribution Center,RDC,RDC,,X,X,,,
Regional Operation Center,ROC,,,,,,,
Register,REG,REG,,X,X,,Register.,
Registered,REG,REG,,X,X,,Derivative of the verb.,
Registration,REGTN,REGTN,,X,X,,,
Registry,REG,REG,X,X,,,"A registry for an occasion or set of events. For example, a gift registry.",
Regroup,REGRP,,,,,,,
Regular,REG,REG,,X,X,,"Usual, normal, not out of the ordinary",
Regulation,RGLTN,,,,,,,
Regulatory,RGLTY,,,,,,,
Rehabilitation,REHAB,,,,,,,
Rehire,REHIRE,,,,,,,
Reimburse,REIMB,,,,,,,
Reinstate,RENST,,,,,,,
Reissue,REISU,,,,,,,
Reject,REJCT,,,,,,,
Rejected,REJTD,,,,,,,
Relate,RELAT,,,,,,,
Related,RELTD,,,,,,,
Relation,RLTN,RLTN,,X,X,,"For example, the relation of a user to a gift registry. Owner, bride, bridegroom etc.",
Relational,RLTNL,,,,,,,
Relationship,RLTNS,,,,,,,
Relative,RELTV,,,,,,,
Release,REL,REL,,X,,,,
Released,RELSD,,,,,,,
Releases,RELSE,,,,,,,
Reliable,RELI,,,,,,,
Religious,RELGN,,,,,,,
Relocate,RELOC,,,,,,,
Relocation,RELO,,,,,,,
Remainder,REMDR,,,,,,,
Remaining,REMNG,,,,,,,
Remark,REMRK,,,,,,,
Remarks,RMRKS,,,,,,,
Remedial,RMEDL,,,,,,,
Remit,REM,REM,,X,X,,Remittance as in a financial transaction,
Remittance,REM,REM,,X,X,,Derivative of Remit,
Remodeling,RMDLG,,,,,,,
Remote,REMOT,,,,,,,
Removal,RMOVL,,,,,,,
Rename,RENME,,,,,,,
Renegotiation,RNEGO,,,,,,,
Renew,RENEW,,,,,,,
Renewal,RNEWL,,,,,,,
Renewed,RNEWD,,,,,,,
Rent,RENT,,,,,,,
Rental,RENTL,,,,,,,
Rentals,RNTLS,,,,,,,
Reopen,REOPN,,,,,,,
Reorder,REORD,,,,,,,
Repair,RPAIR,,,,,,,
Repairs,RPARS,,,,,,,
Repay,REPAY,,,,,,,
Repayment,RPYMT,,,,,,,
Repeat,REPEAT,,,,,,,
Replace,RPLC,RPLC,,X,X,,,
Replacement,RPLC,RPLC,,X,X,,,
Replenish,REPL,,,X,X,,,
replenishable,REPL,,,X,,,,
Replenishment,REPL,REPL,,X,X,,As in replenishment of inventory.,
Report,RPT,RPT,,X,X,,,
Reportable,RPTBL,,,,,,,
Reported,RPT,RPT,,X,X,,,
Reporting,RPT,RPT,,X,X,,Derivative form of,
Reports,RPTS,,,,,,,
Repossess,REPO,,,,,,,
Represent,REPRS,,,,,,,
Representative,REP,,,,,,,
Reprint,REPRT,,,,,,,
Reprocessed,RPROC,,,,,,,
Reproduction,REPRD,,,,,,,
Republic,REPUB,,,,,,,
Republican,RPUBL,,,,,,,
Republish,REPUB,REPUB,,X,X,,,
Republished,REPUB,REPUB,,X,X,,,
Repurchase,RPRCH,,,,,,,
Request,RQ,RQ,,X,,,,
Requested,RQ,RQ,,X,,,Derivative of the verb,
Requesting,RQSTG,,,,,,,
Requestor,RQSTR,,,,,,,
Required,REQD,REQD,,X,X,,Mandatory,
Requirement,REQMT,,,,,,,
Requirements,RQMTS,,,,,,,
Requisition,REQSN,,,,,,,
Requisitioned,REQSD,,,,,,,
Rerun,RERUN,,,,,,,
Resale,RESALE,,,,,,,
rescan,RESCAN,,,,,,,
Research,RSRCH,,,,,,,
Resell,RESEL,,,,,,,
Reseller,RSELR,,,,,,,
Reservation,RSRVTN,RSRVTN,,X,X,,A physical document that indicates something has been reserved for an intended goal.,
Reserve,RSRV,RSRV,,X,X,,Reserve,
Reserved,RSRV,RSRV,,X,X,,Derivative of the verb.,
Reserves,RESVS,,,,,,,
Reservoir,RESVR,,,,,,,
Reset,RESET,,,,,,,
Residence,RES,,,,,,,
Residency,RESDY,,,,,,,
Resident,RES,,,,,,,
Residue,RESDU,,,,,,,
Resistivity,RSTTV,,,,,,,
Resolution,RSLN,RSLN,,X,,,,
Resolve,RSLV,RSLV,,X,,,,
Resort,RESRT,,,,,,,
Resource,RESRC,,,,,,,
Response,RSPNS,RSPNS,,X,,,,
Respond,RESPOND,RESPOND,,X,X,,,
Respondent,RSPND,RSPND,,X,X,,,
Responsibility,RSPBL,,,,,,,
Responsible,RSPBL,,,,,,,
Rest,REST,,,,,,,
Restart,RSTRT,,,,,,,
Restaurant,REST,,,,,,,
Restock,RESTK,,,,,,,
Restocking,RSTKG,,,,,,,
Restoration,RSTRN,,,,,,,
Restore,RSTOR,,,,,,,
Restrict,RSTR,,,,,,,
Restriction,RSTR,RSTR,,X,X,,"Restrictions such as Federal, State, Ground, Air etc. mostly for shipping orders.",
Restrictions,RSTR,RSTR,,X,X,,Plural of restriction (as defined in this document).,
Result,RSLT,RSLT,,X,X,,The outcome of a certain action or operation.,
Resume,RSUME,,,,,,,
Retail,RTL,RTL,,,X,,,
Retailer,RETLR,,,,,,,
Retain,RETAN,,,,,,,
Retardation,RTARD,,,,,,,
Retention,RETNT,,,,,,,
Retire,RETIRE,RETIRE,,X,X,,,
Retired,RETIRE,RETIRE,,X,X,,,
Retirement,RTRMT,,,,,,,
Retraining,RTRNG,,,,,,,
Retrieval,RTRVL,,,,,,,
Retrieve,RETRIEVE,,,,,,,
Retrieved,RETRIEVE,,,,,,,
Return,RTN,RTN,X,,,,,
Returned,RTN,RTN,,X,X,,Derivative of the verb.,
Revalidation,RVAL,,,,,,,
Revaluation,REVLU,,,,,,,
Revenue,REV,REV,,X,X,,Financial revenue,
Reversal,REVSL,,,,,,,
Reverse,REV,REV,,X,X,,,
Review,REV,REV,,X,X,,,
Revise,REVIS,,,,,,,
Revised,REVSD,,,,,,,
Revision,REVSN,,,,,,,
Reword,REWRD,,,,,,,
Rework,REWRK,,,,,,,
Ridge,RDG,,,,,,,
Rig,RIG,,,,,,,
Right,RIGHT,,,,,,,
Rightmost,RTMST,,,,,,,
RING,RING,,,,,,,
Risk,RISK,,,,,,,
River,RIV,,,,,,,
Road,RD,,,,,,,
Roadway,RDWY,,,,,,,
Rock,ROCK,,,,,,,
Rocky,ROCKY,,,,,,,
Rod,ROD,,,,,,,
Roll,ROLL,,,,,,,
Roof,ROOF,,,,,,,
Roofing,ROOFG,,,,,,,
Room,RM,,,,,,,
Root,ROOT,,,,,,,
Rotate,RTATE,,,,,,,
Round,RND,,,,,,,
Rounded,RNDED,,,,,,,
Rounding,RNDG,,,,,,,
Route,RTE,RTE,,X,X,,A predefined path as bus routes in a city.,
Routine,ROUTN,,,,,,,
Routing,ROUTG,,,,,,,
Royal,ROYL,,,,,,,
Royalty,RYLTY,,,,,,,
Rubber,RUBR,,,,,,,
Rule,RULE,,,x,x,,1/30/2020 changed from RUL to RULE per Gopal,
Rules,RULES,,,,,,,
Run,RUN,,,,,,,
Running,RUNNG,,,,,,,
Runs,RUNS,,,,,,,
Rural,RUR,RUR,,X,X,,Rural area as in a geography.,
Safe,SAFE,,,,,,,
Safety,SAFETY,,,,,,,
Salaried,SALRD,,,,,,,
Salary,SALRY,,,,,,,
Sale,SALE,,,,,,,
Sales,SALES,,,,,,,
Salesforce,SF,SF,X,X,X,,Symbol for Salesforce.com,
Salesman,SLSMN,,,,,,,
Salon,SALON,,,,,,,
Salt,SALT,,,,,,,
Salutation,SALUTE,SALUTE,,X,,,Usually associated with a person. For ex. Mr. Ms. etc.,
Salvage,SALVG,,,,,,,
Salvation,SLVTN,,,,,,,
Same,SAME,,,,,,,
Sams,WC,WC,,X,X,,Is WC meant Walmart Club?  Can we keep it as Sams for clarity.,
Sample,SMPLE,,,,,,,
Sandwich,SANDW,,,,,,,
Sanitary,SANIT,,,,,,,
Sanitation,SNITN,,,,,,,
Satellite,SATLT,,,,,,,
Satisfied,SATFD,,,,,,,
Satisfaction,SATFN,SATISFACTION,,X,X,,e.g. Driver Satisfaction Response Count,
Saturday,SAT,,,,,,,
Save,SAVE,,,,,,,
Saved,SAVED,,,,,,,
Saving,SAV,SAV,,X,X,,To hold back from spending.,
Savings,SAV,SAV,,X,X,,Plural,
Scale,SCALE,,,,,,,
Scaling,SCALG,,,,,,,
Scan,SCAN,SCAN,,X,X,,The physical operation of scanning something.,
Scanned ,SCAN,SCAN,,X,X,,Derivative of the verb.,
Scanned ,SCAN,SCAN,,X,X,,Derivative of the verb.,
Scanner,SCANR,,,,,,,
Scanning,SCAN,SCAN,,X,X,,Derivative of the verb.,
Scenario,SCENARIO,,,,,,,
Schedule,SCHED,SCHED,,X,,,,
Scheduled,SCHED,SCHED,,X,X,,Derivative of the verb,
Scheduler,SCHED,SCHED,,X,X,,Derivative of the verb,
Scheduling,SCHLG,,,,,,,
School,SCHL,,,,,,,
Science,SCI,,,,,,,
Score,SCORE,,,X,X,,,
Scrap,SCRAP,,,,,,,
Scratch,SCRCH,,,,,,,
Screen,SCR,,,,,,,
Seafood,SEAFD,,,,,,,
Seaman,SEAMN,,,,,,,
Search,SRCH,SRCH,,X,X,,A verb meaning to find.,
Search Engine,SE,SE,,X,X,,Search Engine as in GOOGLE.,
Search Engine Marketing,SEM,SEM,,X,X,,A method of marketing making use of the search engine to generate leads.,3/19/2018
Search Engine Optimization,SEO,SEO,,X,X,,A discipline of software engineering applied for the internet,
Seaside,SEASD,,,,,,,
Season,SEASN,,,,,,,
Seasonal,SESNL,,,,,,,
Seat,SEAT,,,,,,,
Seaway,SEAWY,,,,,,,
Second,SEC,SEC,,X,X,,Used for ranking.,
Secondary,SCNDRY,,,,,,,
Seconds,SEC,SEC,,X,X,,Used for ranking.,
Secretarial,SECL,,,,,,,
Secretary,SCTRY,,,,,,,
Secretary Of State,SOS,SOS,,X,X,,,
Section,SECT,,,,,,,
Sectional,SECTL,,,,,,,
secure,SECURE,,,,,,,
Security,SECUR,,,,,,,
Sediment,SEDMT,,,,,,,
Segment,SEG,SEG,,X,X,,,
Segments,SEGS,,,,,,,
Seismic,SEISM,,,,,,,
Select,SELCT,,,,,,,
Selected,SLCTD,,,,,,,
Selection,SLCTN,,,,,,,
SELF,SELF,,,,,,,
Sell,SELL,,,,,,,
Seller,SLR,SLR,,X,X,,,
Selling,SLR,SLR,,X,X,,,
Seminary,SMRY,,,,,,,
Senator,SEN,,,,,,,
Send,SEND,,,,,,,
Sender,SENDR,,,,,,,
Sending,SENDG,,,,,,,
Senior,SR,,,,,,,
Sensitivity,SENST,,,,,,,
Sensory,SNSRY,,,,,,,
Sent,SENT,,,,,,,
Separate,SEPRT,,,,,,,
Separator,SEPR,,,,,,,
September,SEP,,,,,,,
Septic,SPTC,,,,,,,
Sequence,SEQ,SEQ,,X,X,,,
Sequences,SEQS,,,,,,,
Sequential,SEQTL,,,,,,,
Sergeant,SGT,,,,,,,
Serial,SER,,,,,,,
Serial Shipping Container Code,SSCC,,,X,X,,,
Series,SER,,,,,,,
Served,SERVD,,,,,,,
Service,SVC,SVC,,X,,,Any service,
Service Level Agreement,SLA,SLA,,X,X,,"Used for level of service (e.g. Same day, 2-day, 3-day)  promised for a customer",
Services,SVCS,,,,,,,
Serving,SERVG,,,,,,,
Session,SESSN,SESSN,,X,,,,
Set,SET,,,,,,,
Settle,SETLE,,,,,,,
Settlement,SET,SET,,X,X,,Used in finance for settlement of terms and payments.,
Seven,7,,,,,,,
Seventh,7TH,,,,,,,
Seventy,70,,,,,,,
Several,SEVRL,,,,,,,
Severance,SVRNC,,,,,,,
Sewer,SWR,,,,,,,
Sewing,SEWG,,,,,,,
Sex,SEX,,,,,,,
Shade,SHAD,,,,,,,
Share,SHR,SHR,,X,,,The action to,
Shares,SHRS,,,,,,,
Sharing,SHR,SHR,,X,,,A derivative form of the verb,
Shear,SHEAR,,,,,,,
Sheet,SHEET,,,,,,,
Shelf,SHELF,,,,,,,
Shell,SHL,,,,,,,
Sheriff,SHERF,,,,,,,
Shield,SHLD,,,,,,,
Shift,SHFT,,,,,,,
Ship,SHIP,,,,,,,
Ship Confirmation,SHCNF,SHCNF,,X,X,,This is the name of a specific event in the Upgrade Downgrade process.,
Ship From Store,SFS,SFS,,X,X,,,
Ship Node,SHIP_NODE,SHIP_NODE,,X,X,,Ship Node; Also known as distributor in some systems.,
Shipbuilding,SHPBL,,,,,,,
Shipfromstore,SFS,SFS,,X,X,,,
Shipment,SHPMNT,SHPMNT,,X,,,Associated with the event when an item was shipped,
Shipped,SHPD,SHPD,,X,,,Identifies the event when an item left the facility,
Shipper,SHIPR,,,,,,,
Shippers,SHPRS,,,,,,,
Shipping,SHPG,SHPG,X,,,,,
Shoot,SHOOT,,,,,,,
Shooting,SHTNG,,,,,,,
Shop,SHOP,,,,,,,
Shop Order,SHOPO,,,,,,,
Shopper,SHOPPER,SHOPPER,,X,X,,,
Shore,SHOR,,,,,,,
Short,SHORT,SHORT,,,X,,Concise textual information that gives identifying information but does not necessarily identify an entity uniquely. For example; a short name for the weekdays or months.,
Shortage,SHORT,SHORT,,,X,,,
Shot,SHOT,,,,,,,
Showcase,SHWCS,,,,,,,
Shrinkage,SHRNK,,,,,,,
Shut,SHUT,,,,,,,
Sick,SICK,,,,,,,
Side,Side,Side,,X,X,,The face or view from a single dimension.,
Siding,SIDG,,,,,,,
Sign,SIGN,,,,,,,
Signature,SIG,,,,,,,
Signed,SIGND,,,,,,,
Silica,SILCA,,,,,,,
Silver,SLVR,,,,,,,
Silverware,SILWR,,,,,,,
Simulation,SIM,,,,,,,
Since,SINCE,,,,,,,
Single,SINGL,,,,,,,
Sister,SIS,,,,,,,
Site,SITE,SITE,X,X,,,An internet site or as in Site Analytics (User Behavior Insights).,
Site To Home,S2H,S2H,,X,X,,Site to Home method of order fulfillment,
Site To Store,S2S,S2S,,X,X,,Site to Store method of fulfilment,
Sites,SITES,,,,,,,
Sitetohome,S2H,S2H,,X,X,,Site to Home method of order fulfillment,
Sitetostore,S2S,S2S,,X,X,,Site to Store method of order fulfilment,
Six,SIX,,,,,,,
Sixth,6TH,,,,,,,
Size,SIZE,,,,,,,
Sizes,SIZE,,,,,,,
sizing,SIZE,,,,,,,
Skill,SKIL,,,,,,,
Skip,SKIP,,,,,,,
Skirt,SKIRT,,,,,,,
Slash,SLASH,,,,,,,
Slope,SLOPE,,,,,,,
Slot,SLOT,,,,,,,
Slow,SLOW,,,,,,,
Small,SM,SM,,X,X,,Small as in size.,
Smart,SMART,SMART,,X,X,,Smart as an adjective.,
Smelting,SMELT,,,,,,,
Smoke,SMOKE,,,,,,,
Smoked,SMOKD,,,,,,,
Smoking,SMOKG,,,,,,,
Smooth,SMTH,,,,,,,
Smoothed,SMTHD,,,,,,,
Social,SOCL,,,,,,,
Society,SCTY,,,,,,,
Soft,SOFT,,,,,,,
Software,SFTWR,,,,,,,
Solar,SLR,,,,,,,
Sold,SOLD,,,,,,,
Solicitor,SOLCR,,,,,,,
Solid,SLD,,,,,,,
Solution,SOLN,,,,,,,
Solvent,SOLVN,,,,,,,
Sort,SORT,,,,,,,
Sorted,SORTD,,,,,,,
Sorting,SORTG,,,,,,,
Sound,SOUND,,,,,,,
Sour,SOUR,,,,,,,
Source,SRC,SRC,,X,,,,
Sourcing,SRC,SRC,,X,X,,Can be used for Sourcing Engine such as MCSE,
South,S,,,,,,,
Southern,STHRN,,,,,,,
Southside,SSIDE,,,,,,,
Souvenir,SUV,,,,,,,
Space,SPACE,SPACE,,X,X,,,
Spacer,SPACR,,,,,,,
Spacing,SPACG,,,,,,,
Spare,SPARE,,,,,,,
Spark,SPARK,,,,,,,
Sparse,SPARS,,,,,,,
Spawn,SPAWN,,,,,,,
Speak,SPEAK,,,,,,,
Speaking,SPKG,,,,,,,
Special,SPL,SPL,,X,X,,,
Specialist,SPLST,,,,,,,
Specialty,SPLTY,,,,,,,
Specific,SPEC,SPEC,,X,X,,"Specifications, Specific, Special and derivatives",
Specification,SPEC,SPEC,,X,X,,,
Specified,SPCFD,,,,,,,
Specify,SPEC,,,,,,,
Spectrum,SPECT,,,,,,,
Speed,SPD,,,,,,,
Speedometer,SPDMT,,,,,,,
Speedy,SPDY,,,,,,,
Spheroid,SPHER,,,,,,,
Split,SPLIT,,,,,,,
Sponsor,SPON,,,,,,,
Sponsoring,SPONG,,,,,,,
Sponsors,SPNOR,,,,,,,
Spool,SPOOL,,,,,,,
Sport,SPRT,,,,,,,
Sporting,SPRTG,,,,,,,
Sportswear,SPRTW,,,,,,,
Spot,SPOT,,,,,,,
Spouse,SPOUSE,SPOUSE,,X,X,,,
Spout,SPOUT,,,,,,,
Spouts,SPOUT,,,,,,,
Spread,SPRD,,,,,,,
Spring,SPG,,,,,,,
Sprinkler,SPGLR,,,,,,,
Square,SQ,SQ,,X,X,,,
Squarefoot,SQF,,,,,,,
SquareMeter,SQM,,,,,,,
Stable,STBL,,,,,,,
Stack,STACK,,,,,,,
Stacking,STCKG,,,,,,,
Staff,STAF,,,,,,,
Stage,STG,STG,,X,X,,,
Staging,STG,STG,,X,X,,,
Stainless,STNLS,,,,,,,
Stamp,STMP,,,,,,,
Stamping,STMPG,,,,,,,
Standard,STD,STD,,X,X,,An accepted norm.,
Staple,STPL,,,,,,,
Start,START,START,,X,,,The beginning date for an event.,
Started,STRTD,,,,,,,
Starting,STRTG,,,,,,,
State,ST,ST,,X,X,,A geographic region,
Statement,STMT,,,,,,,
Statements,STMTS,,,,,,,
Station,STN,,,,,,,
Stationary,STARY,,,,,,,
Stationer,STANR,,,,,,,
Statistic,STAT,,,,,,,
Statistical,STAT,,,,,,,
Statistics,STATS,,,,,,,
Status,STATUS,STS,,X,,,,
Steak,STEAK,,,,,,,
Steam,STM,,,,,,,
Steel,STL,,,,,,,
Step,STEP,,,,,,,
Steps,STEPS,,,,,,,
Stereo,STER,,,,,,,
Sterling,STRLG,,,,,,,
Still,STILL,,,,,,,
Stock,STK,,,,,,,
Stock Keeping Unit,SKU,SKU,,X,X,,,3/19/2018
Stock Keeping Unit Set,SKUST,SKUST,,X,X,,A grouping of SKU.,3/19/2018
Stockholder,STKHD,,,,,,,
Stockyard,STKYD,,,,,,,
Stone,STONE,,,,,,,
Stool,STOOL,,,,,,,
Stop,STOP,,,,,,,
Storage,STRG,STRG,,X,,,,
Store,STORE,STORE,X,,,,Stores,
Store Level Availability Program,SLAP,SLAP,X,X,X,,,
Store Only Item,SOI,SOI,,X,X,,Products sold only in stores.,
Stored,STRD,,,,,,,
Storefront,Storefront,Storefront,X,X,X,,A physical or online store,
Storekeeper,STRKP,,,,,,,
Straight,STRAT,,,,,,,
Strategic,STRTG,,,,,,,
Strategic Business Unit,SBU,,,X,X,,,
Stream,STRM,,,,,,,
Street,ST,STREET,,,,,,
Stress,STRESS,STRESS,,X,X,,"Duress, strain.",
Stressed,STRESS,STRESS,,X,X,,Derivative of the verb.,
String,STRNG,,,,,,,
Strip,STRIP,,,,,,,
Stripper,STRPR,,,,,,,
Stroke,STROK,,,,,,,
Structural,STRL,,,,,,,
Structure,STRUC,,,,,,,
Structured,STRCD,,,,,,,
Stub,STUB,,,,,,,
Student,STDNT,,,,,,,
Studio,STD,,,,,,,
Study,STDY,,,,,,,
Stuff,STFF,,,,,,,
Style,STYL,,,,,,,
Styling,STYLG,,,,,,,
Stylist,STYST,,,,,,,
Sub,SUB,,,,,,,
Sub Division,SUBDIV,,,,,,,
Subcategory,SUBCATG,SUBCATG,,,,,,
Subcenter,SUBCNTR,SUBCNTR,,X,X,,,
Subclass,SUBCLASS,,,,,,,
Subcontract,SBCTR,,,,,,,
Subcontractor,SCNTR,,,,,,,
Subject,SUBJ,,,,,,,
Sublease,SUBLS,,,,,,,
Submit,SUBMT,,,,,,,
Submitted,SBMTD,,,,,,,
Submodule,SBMOD,,,,,,,
Subnormal,SBNRM,,,,,,,
Subordinate,SUBOR,,,,,,,
Subperiod,SUBPD,,,,,,,
Subscriber,SUBSCR,SUBSCR,,X,,,"Subscriber, subscription etc. to a service or the entity itself.",
Subscribe,SUBSCR,SUBSCR,,X,,,Subscribe to a product feature,
Subscript,SBSCT,,,,,,,
Subscription,SUBSCR,SUBSCR,,X,X,,Derivative of subscribe,
Subscripts,SBSCR,,,,,,,
Subsequent,SUBSQ,,,,,,,
Subset,SUBST,,,,,,,
Subsidiary,SUBSD,,,,,,,
Substance,SUBSTANCE,,,,,,,
Substitute,SUB,SUB,,X,X,,In place of,
Substituted,SUBD,SUBD,,X,X,,In place of,
Substitution,SUBST,,,,,,,
Subsystem,SUBSY,,,,,,,
Subtotal,SUBTOT,SUBTOT,,X,X,,Sub-total.  An intermediate result,
Subtype,SUBTYPE,,,,,,,
Suburban,SUBN,,,,,,,
Subway,SBWY,,,,,,,
Success,SUCC,SUCC,,X,X,,,
Successful,SUCC,SUCC,,X,X,,,
Suffix,SFX,,,,,,,
Suggest,SUG,,,,,,,
Suggested,SUGG,SUGG,,X,X,,,
Suggestion,SUGTN,,,,,,,
Suite,STE,STE,,X,X,,Suite or group as used in software applications.,
Sulfate,SULFR,,,,,,,
Sulfur,SULFR,,,,,,,
Sum,SUM,,,,,,,
Summarization,SUMN,,,,,,,
Summary,SUMM,SUMM,,,X,,Summary of measures for some entity. Usually used in the context of some unit of time such as DLY; WKLY; QTRLY; YLY etc.,
Summation,SUMN,,,,,,,
Summit,SMT,,,,,,,
Sunday,SUN,,,,,,,
Sundries,SUNDR,,,,,,,
Sundry,SNDRY,,,,,,,
Sunrise,SNRIS,,,,,,,
Sunset,SNSET,,,,,,,
Sunshine,SNSHN,,,,,,,
Super,SUP,SUP,,X,X,,,
Superintendent,SUPT,,,,,,,
Superior,SUPR,,,,,,,
Supermarket,SPRMK,,,,,,,
Superordinate,SUPR,,,,,,,
Supervising,SUPVG,,,,,,,
Supervision,SUPVN,,,,,,,
Supervisor,SUPVR,,,,,,,
Supervisory,SUPVY,,,,,,,
Supplement,SUPMT,,,,,,,
Supplemental,SPMTL,,,,,,,
Supplier,SUPPLIER,,,,,,,
Supplies,SUPLS,,,,,,,
Supply,SUPPLY,,,,,,,
Supply Chain,SC,SC,X,X,X,,"The subject of data about scheduling, receipts and moving of inventory through the supply chain.",
Supplying,SPLYG,,,,,,,
Support,SUPRT,,,,,,,
Supported,SUPTD,,,,,,,
Suppress,SUPPRS,SUPPRS,,X,X,,The act of forcibly holding back,
Suppression,SPRSN,,,,,,,
Supreme,SUPRM,,,,,,,
Surcharge,SURCH,SURCH,,X,X,,Surcharge - usually an additional cost,
Surface,SURFC,,,,,,,
Surgeon,SRGN,,,,,,,
Surgery,SRGY,,,,,,,
Surgical,SRGCL,,,,,,,
Surplus,SURPL,,,,,,,
Surrender,SURR,,,,,,,
Surrendered,SURRD,,,,,,,
Survey,SURVY,,,,,,,
Surveyor,SRVYR,,,,,,,
Suspend,SUSPEND,,,,,,,
Suspended,SUSPEND,,,,,,,
Suspense,SUSP,,,,,,,
Suspension,SPNSN,,,,,,,
Sweep,SWP,,,,,,,
Sweet,SWT,,,,,,,
Swing,SWING,,,,,,,
Switch,SWTCH,,,,,,,
Symbol,SYMBL,,,,,,,
Syndicate,SYNCT,,,,,,,
Synonym,SYNM,,,,,,,
Synthetic,SYNT,,,,,,,
System,SYS,,,,,,,
Tab,TAB,,,,,,,
Table,TBL,,,,,,,
Tables,TBLS,,,,,,,
Tabloid,TABLD,,,,,,,
Tabs,TABS,,,,,,,
Tabulation,TAB,,,,,,,
Tackle,TCKL,,,,,,,
Tag,TAG,,,,,,,
Tagged,TAGD,,,,,,,
Tailor,TLR,,,,,,,
Tailoring,TLRG,,,,,,,
Take,TAKE,,,,,,,
Taken,TAKN,,,,,,,
Tank,TANK,,,,,,,
Tanks,TANK,,,,,,,
Tanning,TANG,,,,,,,
Tape,TAPE,,,,,,,
Tapes,TAPES,,,,,,,
Target,TRGT,,,,,,,
Tariff,TARIF,,,,,,,
Task,TASK,,,,,,,
Tavern,TRVN,,,,,,,
Tax,TAX,,,,,,,
Taxable,TXBL,TXBL,,X,,,,
Taxes,TAXES,,,,,,,
Taxing,TAXG,,,,,,,
Taxonomy,TAXONOMY,TAXONOMY,,X,X,,Synoynm for hierarchical structures.,
Taxpayer,TXPYR,,,,,,,
Teacher,TEACH,,,,,,,
Technical,TECHL,,,,,,,
Technician,TECH,,,,,,,
Technique,TECHN,,,,,,,
Technological,TECNO,,,,,,,
Technologist,TECST,,,,,,,
Technology,TECGY,,,,,,,
Telecom,COMM,COMM,,X,X,,,
Telecommunication,TLCOM,,,,,,,
Telegraph,TELG,,,,,,,
Telemarketing,TLMKG,,,,,,,
Telephone,TEL,,,,,,,
Teletype,TLTYP,,,,,,,
Television,TV,,,,,,,
Telex,TLX,,,,,,,
Temperature,TEMPR,,,,,,,
Template,TMPL,TMPL,,X,X,,A standard base format for starting a task or job.,
Temple,TMPL,,,,,,,
Temporary,TEMP,,,,,,,
Ten,10,,,,,,,
Tenant,TENANT,TENANT,,X,X,,,
Tender,TNDR,,,,,,,
Tennis,TEN,,,,,,,
Tenth,10TH,,,,,,,
Tenure,TENURE,TENURE,,X,X,,,
Term,TERM,,,,,,,
Terminal,TRMNL,,,,,,,
Terminate,TERM,TERM,,X,X,,To end,
Terminated,TERM,TERM,,X,X,,To end,
Termination,TERMN,,,,,,,
Termite,TRMT,,,,,,,
Terms,TERM,,,,,,,
Terrace,TER,,,,,,,
Territory,TERR,,,,,,,
Tertiary,TERT,,,,,,,
Test,TEST,TEST,,X,X,,Test as in a deterministic exercise.,
Testing,TEST,TEST,,X,X,,Transitive form of the verb,
Tests,TEST,,,,,,,
Text,TXT,TXT,,,,X,"Freeform text or textual information which will be used verbatim on a label; report; screen.  E.g. ERR_TXT.  For description of any standard code, use 'DESC' as classword instead of 'TEXT'.",
Textile,TXTL,,,,,,,
Texture,TXTUR,,,,,,,
Than,THAN,,,,,,,
The,THE,,,,,,,
Theater,THTR,,,,,,,
Theatrical,THEA,,,,,,,
Theoretical,THEOR,,,,,,,
Therapeutic,THRPC,,,,,,,
Therapy,THRPY,,,,,,,
Thick,THICK,,,,,,,
Thickness,THICK,,,,,,,
Thing,THNG,,,,,,,
Third,3RD,,,,,,,
This,THIS,,,,,,,
This Year,TY,,,X,,,,
Thousand,THOU,,,,,,,
Thread,THREAD,THREAD,,X,X,,Email thread for example,
Three,3,,,,,,,
Threshold,THRSH,THRSH,,X,X,,"The bounding limit. For example, throttle threshold.",
Thrift,THRFT,,,,,,,
Through,THRU,,,,,,,
Thru,THRU,,,,,,,
Thruway,THRWY,,,,,,,
Thursday,THU,,,,,,,
Ticket,TKT,,,,,,,
Tie,TIE,,,,,,,
Tier,TIER,,,,,,,
Timber,TMBR,,,,,,,
Time,TM,TM,X,,,X,Clock time at which an event occurred expressed in hours; minutes and seconds or portions of these subdivisions of time._,
Timestamp,TS,TS,,,,X,Point in time at which something happened; existed; or is to happen. Time part is significant. Class word DATE may be used instead; but TS is preferred. Note however that if much analysis is expected we prefer separate DT and TM elements.  Prefer this classword to TS (timestamp).,
TimeZone,TZ,TZ,,X,X, ,Use code as classword e.g. TZ_CD,
Timing,TIME,,,,,,,
Tire,TIRE,,,,,,,
Tire and Lube Express,TLE,TLE,,X,X,,Tire and Lube Express is a service provided at the Store. ,
Title,TITLE,TITLE,,,X,,TITLE is similar to NAME but NAME is preferred for things that do not have multiple instances; like a person; whereas TITLE can be used for things that do have multiple instances; like a course (offered many different terms and sections) or a book (thousands of copies). Even though there are multiple people with the name,
Titles,TTLS,,,,,,,
TLOG,TLOG,,,,,,,
To,TO,,,,,,,
To Balance,WITTB,,,,,,,
Tobacco,TOBACCO,,,,,,,
Today,TODAY,,,,,,,
Toilet,TOILT,,,,,,,
Tolerance,TOL,,,,,,,
Ton,TON,,,,,,,
Tonnage,TONAG,,,,,,,
Tool,TOOL,,,,,,,
Top,TOP,,,,,,,
Total,TOT,TOT,,X,,,,
Totals,TOTS,,,,,,,
Tote,Tote,Tote,,X,X, ,  ,
Touch,TCH,,,,,,,
Tower,TWR,,,,,,,
Towing,TOWG,,,,,,,
Town,TWN,,,,,,,
Township,TWNSH,,,,,,,
Trace,TRACE,,,,,,,
Traces,TRACE,,,,,,,
Track,TRK,TRK,,X,X,,,
Trackable,TRKBL,TRKBL,,X,,,,
Tracked,TRKD,,,,,,,
Tracking,TRK,TRK,,X,X,,,
Tract,TRACT,,,,,,,
Tractor,TRCTR,,,,,,,
Trade,TRADE,,,,,,,
Tradesman,TRDMN,,,,,,,
Trading,TRDG,,,,,,,
Traffic,TRFC,,,,,,,
Trail,TRAIL,,,,,,,
Trailer,TRLR,TRLR,,X,X,,A vehicle attachment used for transporting goods.,
Trailing,TRALG,,,,,,,
Train,TRN,,,,,,,
Trainee,TRNEE,,,,,,,
Trainer,TRNR,,,,,,,
Training,TRNG,,,,,,,
Transact,XACT,,,,,,,
Transactable,TRNSCTBL,TRNSCTBL,,X,X,,,
Transaction,TRANS,TRANS,,X,,,,
Transactional,TRNSCTNL,,,X,X,,,
Transactions,TXNS,,,,,,,
Transfer,TRNSFR,TRNSFR,,X,,,,
Transferred,TFERD,,,,,,,
Transformer,TFRMR,,,,,,,
Transit,TRNST,TRNST,,X,X,,On the way. en route.,
Transition,TRNST,TRNST,,X,X,,Used in Transition Status e.g. From Open to Close,
Translated,TLATD,,,,,,,
Translation,TLATN,,,,,,,
Transmission,TRNSM,,,,,,,
Transmit,XMIT,XMIT,,X,X,,The event where an entity sends (something),
Transmittal,XMTAL,,,,,,,
Transmitted,XMIT,XMIT,,X,X,,Derivative of the verb transmit.,
Transmitting,XMITG,,,,,,,
Transport,TRNSP,,,,,,,
Transportation,TRNSP,,,,,,,
Transported,TRNSP,,,,,,,
Transshipment,TRNSH,,,,,,,
Trap,TRAP,,,,,,,
Travel,TVL,TVL,,X,X,,The act of moving from one point to another,
Travelers,TRVLR,,,,,,,
Travelled,TRVL,TRVL,,X,,,,
Tray,TRAY,,,,,,,
Treasure,TREAS,,,,,,,
Treasurer,TREAS,,,,,,,
Treasury,TRSRY,,,,,,,
Treatment,TRTMT,,,,,,,
Trend,TREND,,,,,,,
Trial,TRIAL,,,,,,,
Triangle,TRI,,,,,,,
Trinity,TRNTY,,,,,,,
Trip,TRIP,,,,,,,
Triple,TRPL,,,,,,,
Trooper,TRPR,,,,,,,
Trophy,TROPH,,,,,,,
Tropical,TRPCL,,,,,,,
Trouble,TRBL,TRBL,,X,X,,For use in Troubled inventory for example.,
Troubled,TRBL,TRBL,,X,X,,Derivative of trouble.,
Truck,RIG,,,,,,,
Trucker,TRKR,,,,,,,
Trucking,TRKG,,,,,,,
Trucks,TRKS,,,,,,,
Trunk,TRUNK,,,,,,,
Trust,TRST,,,,,,,
Trustee,TR,,,,,,,
Truth,TRUTH,,,,,,,
Tube,TUBE,,,,,,,
Tubing,TUBNG,,,,,,,
Tuesday,TUE,,,,,,,
Turnover,TNOVR,,,,,,,
Turnpike,TPKE,,,,,,,
Two,2,,,,,,,
Type,TYPE,TYPE,,X,,,,
Typesetter,TYPSR,,,,,,,
Typesetting,TYPSG,,,,,,,
Ultimate,ULTM,,,,,,,
Unabsorbed,UNASS,,,,,,,
Unapproved,UNAP,,,,,,,
Unassigned,UNASSGN,UNASSGN,,X,X,,,
Unbalanced,UNBAL,,,,,,,
Unbilled,UNBLD,,,,,,,
Unbranded,UNBRN,,,,,,,
Unchanged,UNCHG,,,,,,,
Unclaimed,UNCLA,,,,,,,
Uncorrected,UNCOR,,,,,,,
Undefined,UNDEF,,,,,,,
Under,UNDER,,,,,,,
Undergraduate,UGRAD,,,,,,,
Underground,UGRND,,,,,,,
Underscore,USCOR,,,,,,,
Underwriter,UWRTR,,,,,,,
Undeveloped,UNDEV,,,,,,,
Unemployment,UNEMP,,,,,,,
Unemployment Ins,UI,,,,,,,
Unidentified,UNID,,,,,,,
Uniform,UNFRM,,,,,,,
Union,UN,,,,,,,
Unique,UNIQ,UNIQ,,X,X,,Unique,
Unit,UNIT,,,,,,,
Unit Of Measure,UOM,UOM,,X,X,,,
Unit Per Transaction,UPT,UPT,,X,X,,Used in online grocery for measuring the average unit quantity per order transaction,
United,UNTD,,,,,,,
Universal,UNIV,UNIV,,X,X,,Global,
Universal Product Code,UPC,,,X,X,,,
Universal Unique Identifier,UUID,UUID,,X,X,,,
University,UNIV,,,,,,,
Unknown,UNKNO,,,,,,,
Unleaded,UNLED,,,,,,,
Unlimited,UNLTD,UNLTD,,X,X,,Unlimited as in without an upperbound.,
Unload,UNLOD,,,,,,,
Unmatched,UNMAT,,,,,,,
Unpaid,UNPD,,,,,,,
Unpublished,UNPUB,UNPUB,,X,X,,,
Unreasonable,UNRSN,UNRSN,,X,X,,,
Unscheduled,USCHL,,,,,,,
Unsigned,UNSGN,,,,,,,
Unsorted,UNSRT,,,,,,,
Unstring,UNSTG,,,,,,,
Unsuccessful,UNSUCC,UNSUCC,,X,X,,,
Unsupported,UNSPT,,,,,,,
Unused,UNUSD,,,,,,,
Upcharge,UPCHRG,,,,,,,
Update,UPD,UPD,,X,X,,,
Updated,UPD,UPD,,X,X,,,
Upgrade,UPGRADE,UPGR,,X,X,,,
Upgrade Downgrade Call,UDC,UDC,,X,X,,"Upgrade Downgrade Calls are made from the Ship Nodes to adjust the Carrier Method, Expected Shipment and Delivery Datetime of the Package",
Upholsterer,UPHLR,,,,,,,
Upholstery,UPHLR,,,,,,,
Upon,UPON,,,,,,,
Upper,UPPER,,,,,,,
Upward,UPWD,,,,,,,
Uranium,URNM,,,,,,,
Urban,URB,URB,,X,X,,Urban area as in a geography.,
Urology,URO,,,,,,,
Usage,USAG,,,,,,,
Use,USE,,,,,,,
Used,USE,,,,,,,
User,USER,USER,,X,X,,A reserved word in Teradata.  Do not use by itself,
User Identification,USERID,USERID,,,X,X,Identifying code assigned to a person for security purposes.  E.g. AGENT_USERID,
Users,USERS,,,,,,,
Using,USE,,,,,,,
Utility,UTIL,UTIL,,X,X,,,
Utilization,UTIL,UTIL,,X,X,,,
Utilize,UTIL,,,,,,,
Vacation,VACTN,,,,,,,
Vacuum,VAC,,,,,,,
Valid,VALID,,,,,,,
Validate,VALDT,,,,,,,
Validation,VALID,VALID,,X,X,,,
Validity,VALID,,,,,,,
Valley,VLY,,,,,,,
Valuation,VALN,,,,,,,
Value,VAL,VAL,,X,X,X,"A system assigned amount, number or text that is often used by the business.    E.g. FRAUD_SCORE_VAL",
Valve,VALVE,,,,,,,
Vapor,VAPOR,,,,,,,
Variable,VAR,VAR,,X,X,,,
Variables,VAR,VAR,,X,X,,,
Variance,VAR,VAR,,X,X,,Statistical variance.,
Variant,VAR,VAR,,X,X,,A different style of a product.,3/19/2018
Variety,VRTY,,,,,,,
Various,VARIS,,,,,,,
VAT,VAT,,,,,,,
Vault,VLT,,,,,,,
Vectordirectorynumber,VDN,VDN,,X,X,,Vector director number is a routing terminology in telephony.,
Vegetable,VEG,,,,,,,
Vehicle,VEH,VEH,,X,X,,Vehicle.,
Velocity,VEL,,,,,,,
Vending,VNDNG,,,,,,,
Vendor,VEND,VEND,X,,,,,
Vendor Pack,VNPK,,X,,,,,
Vendors,VEND,,,,,,,
Ventilating,VENT,,,,,,,
Verbal,VERBL,,,,,,,
Verification,VERIF,,,,,,,
Verify,VERIF,,,,,,,
Verified,VERIF,,,X,X,,,
Version,VER,VER,,X,X,,,
Vertical,Vertical,Vertical,,X,X,,,
Vessel,VESSL,,,,,,,
Vested,VESTD,,,,,,,
Vesting,VESTG,,,,,,,
Veteran,VET,,,,,,,
Via,VIA,,,,,,,
Viaduct,VIA,,,,,,,
Vibration,VIBR,,,,,,,
Victory,VCTRY,,,,,,,
Video,VID,,,,,,,
Viking,VKG,,,,,,,
Village,VLG,,,,,,,
Violation,VIOLA,,,,,,,
Visa,VISA,,,,,,,
Viscosity,VISC,,,,,,,
Vision,VISN,,,,,,,
Visit,VISIT,VISIT,,X,X,,An act of going or coming to see.,
Visiting,VISIT,VISIT,,X,X,,Transitive of the verb,
Visitor,VISITOR,VISITOR,,X,X,,Noun of the verb visit.,
Visual,VISL,,,,,,,
Vocation,VOCN,,,,,,,
Void,VOID,,,,,,,
Voided,VOID,,,,,,,
Voltage,VOLT,,,,,,,
Volume,VOL,VOL,,X,X,,The capacity of an object to hold something.,
Vouched,VOUCD,,,,,,,
Voucher,VOUCH,,,,,,,
Voyage,VOYAG,,,,,,,
Wage,WAGE,,,,,,,
Wages,WAGES,,,,,,,
Wagon,WAGON,,,,,,,
Wait,WAIT,,,,,,,
Waiting,WAITG,,,,,,,
Waive,WAVE,,,,,,,
Waiver,WAVE,,,,,,,
Walkway,WLKWY,,,,,,,
Wallpaper,WALPR,,,,,,,
Walmart,WM,WM,X,,,,,
WalMart Identification Number,WIN,,,,,,,
Wal-Mart Identification Number,WIN,,,,,,,
Walmart Pre Mark,WPM,,X,X,X,,,
Walmart Product Identifier,WPID,WPID,X,X,X,,Alternate unique identifier of Walmart product item,3/19/2018
Warden,WRDN,,,,,,,
Warehouse,WHSE,WHSE,,X,,,,
Warehouse Pack,WHPK,,,X,,,,
Warehousing,WHSNG,,,,,,,
Warning,WARNG,,,,,,,
Warrant,WRRNT,,,,,,,
Warranty,WRNTY,,,,,,,
Wash,WASH,,,,,,,
Washing,WSHG,,,,,,,
Washout,WSHOT,,,,,,,
Waste,WST,,,,,,,
Water,WTR,,,,,,,
Weather,WEA,,,,,,,
Weathering,WEA,,,,,,,
Wednesday,WED,,,,,,,
Week,WK,WK,,X,X,,,
Week To Date,WTD,WTD,,X,X,,Units measured for the current week till date,
Weekday,WKDAY,WKDAY,,,X,,,
Weekly,WKLY,WKLY,,,X,,A weekly measure for some entity.,
Weeks,WEEKS,,,,,,,
Weighing,WEIGN,,,,,,,
weight,WT,,,,,,,
Weight,WT,WT,,X,X,,,
Weighted,WGTD,,,,,,,
Weighting,WGTG,,,,,,,
Weights,WGTS,,,,,,,
West,WEST,,,,,,,
Western,WSTRN,,,,,,,
Westside,WSIDE,,,,,,,
Wet,WET,,,,,,,
Wheel,WHL,,,,,,,
Wheeler,WHLR,,,,,,,
When,WHEN,,,,,,,
Whisper,WHSPR,,,,,,,
White,WHT,,,,,,,
White Glove Delivery,WGD,WGD,,X,X,,White Glove Delivery (WGD) is additional services provided to the customers at the time of delivery which enhances the delivery experience and provides convenience to the customers. ,
Whole,WHOLE,,,,,,,
Wholesale,WHLSL,,,,,,,
Wholesaler,WHSLR,,,,,,,
Wide,WD,,,,,,,
Width,WDTH,WDTH,,X,X,,,
Wind,WIND,,,,,,,
Window,WNDW,,,,,,,
Wire,WIRE,,,,,,,
Wiring,WIRG,,,,,,,
With,WITH,,,,,,,
Withdrawal,WTHDL,,,,,,,
Withheld,WH,,,,,,,
Withholding,WH,WH,,X,X,,Withholding,
Without,WTOT,,,,,,,
Witness,WTNS,,,,,,,
Women,WMN,,,,,,,
Woodwork,WDWRK,,,,,,,
Woolen,WOOL,,,,,,,
Word,WORD,,,,,,,
Work,WRK,,,,,,,
Work In Process,WIP,,,,,,,
Workday,WKDAY,,,,,,,
Workdays,WKDAY,,,,,,,
Worked,WRKD,,,,,,,
Worker,WRKR,,,,,,,
Workers,WRKRS,,,,,,,
Working,WRKG,,,,,,,
Workorder,WO,,,,,,,
Worksheet,WKSHT,,,,,,,
Workshop,WKSHP,,,,,,,
World,WLD,,,,,,,
Worldwide,WW,,,,,,,
Worth,WORTH,,,,,,,
Wrecker,WRCKR,,,,,,,
Wrecking,WRCKG,,,,,,,
Write,WRITE,,,,,,,
Writer,WRTR,,,,,,,
Writes,WRITS,,,,,,,
Writing,WRITE,,,,,,,
Written,WRITN,,,,,,,
Yacht,YCHT,,,,,,,
Yard,YD,,,,,,,
Year,YR,YR,,X,X, ,The year part of a date; where the month or day is not relevant; not stored or is not available.  Use NBR as classword instead.  E.g. FISCAL_YR_NBR,
Year To Date,YTD,YTD,,,X,,Units measured for the current year till date,
Year To Month,YTM,,,,,,,
Yearly,YRLY,YRLY,,X,X,,Derivative of the noun YEAR.,
Yearmonth,YYYYMM,YYYYMM,,X,X, ,Year and month together as 6 digits. Month must have leading zero when single digit. Example 201214 represents December; 2012.  Use NBR as classword instead.  E.g. PYMT_YYYYMM_NBR,
Years,YRS,,,,,,,
Yellow,YLW,,,,,,,
Yes,YES,,,,,,,
Yes No,YN,YN,,X,X,,,
Yesno,YN,YN,,X,X, ,Either Y or N. These elements are sometimes called 'flagsê or _indicatorsê.  Use IND as classword instead. E.g. Yesno should be renamed as Response Indicator,
Yield,YLD,,,,,,,
Yogurt,YGRT,,,,,,,
Young,YNG,,,,,,,
Youth,YTH,,,,,,,
Zero,0,,,,,,,
Zip,ZIP,,,,,,,
Zipcode,ZIPCD,,,,,,,
Zone,ZONE,,,,,,,
